country,year,iso_code,population,gdp,biofuel_cons_change_pct,biofuel_cons_change_twh,biofuel_cons_per_capita,biofuel_consumption,biofuel_elec_per_capita,biofuel_electricity,biofuel_share_elec,biofuel_share_energy,carbon_intensity_elec,coal_cons_change_pct,coal_cons_change_twh,coal_cons_per_capita,coal_consumption,coal_elec_per_capita,coal_electricity,coal_prod_change_pct,coal_prod_change_twh,coal_prod_per_capita,coal_production,coal_share_elec,coal_share_energy,electricity_demand,electricity_demand_per_capita,electricity_generation,electricity_share_energy,energy_cons_change_pct,energy_cons_change_twh,energy_per_capita,energy_per_gdp,fossil_cons_change_pct,fossil_cons_change_twh,fossil_elec_per_capita,fossil_electricity,fossil_energy_per_capita,fossil_fuel_consumption,fossil_share_elec,fossil_share_energy,gas_cons_change_pct,gas_cons_change_twh,gas_consumption,gas_elec_per_capita,gas_electricity,gas_energy_per_capita,gas_prod_change_pct,gas_prod_change_twh,gas_prod_per_capita,gas_production,gas_share_elec,gas_share_energy,greenhouse_gas_emissions,hydro_cons_change_pct,hydro_cons_change_twh,hydro_consumption,hydro_elec_per_capita,hydro_electricity,hydro_energy_per_capita,hydro_share_elec,hydro_share_energy,low_carbon_cons_change_pct,low_carbon_cons_change_twh,low_carbon_consumption,low_carbon_elec_per_capita,low_carbon_electricity,low_carbon_energy_per_capita,low_carbon_share_elec,low_carbon_share_energy,net_elec_imports,net_elec_imports_share_demand,nuclear_cons_change_pct,nuclear_cons_change_twh,nuclear_consumption,nuclear_elec_per_capita,nuclear_electricity,nuclear_energy_per_capita,nuclear_share_elec,nuclear_share_energy,oil_cons_change_pct,oil_cons_change_twh,oil_consumption,oil_elec_per_capita,oil_electricity,oil_energy_per_capita,oil_prod_change_pct,oil_prod_change_twh,oil_prod_per_capita,oil_production,oil_share_elec,oil_share_energy,other_renewable_consumption,other_renewable_electricity,other_renewable_exc_biofuel_electricity,other_renewables_cons_change_pct,other_renewables_cons_change_twh,other_renewables_elec_per_capita,other_renewables_elec_per_capita_exc_biofuel,other_renewables_energy_per_capita,other_renewables_share_elec,other_renewables_share_elec_exc_biofuel,other_renewables_share_energy,per_capita_electricity,primary_energy_consumption,renewables_cons_change_pct,renewables_cons_change_twh,renewables_consumption,renewables_elec_per_capita,renewables_electricity,renewables_energy_per_capita,renewables_share_elec,renewables_share_energy,solar_cons_change_pct,solar_cons_change_twh,solar_consumption,solar_elec_per_capita,solar_electricity,solar_energy_per_capita,solar_share_elec,solar_share_energy,wind_cons_change_pct,wind_cons_change_twh,wind_consumption,wind_elec_per_capita,wind_electricity,wind_energy_per_capita,wind_share_elec,wind_share_energy
"Hungary","1900","HUN","7106097","19107487000","","","","","","","","","","","","","","","","","","3336.966","23.713","","","","","","","","","","","","","","","","","","","","","","","","","","","0.000","0.000","","","","","","","","","","","","","","","","","","","","","","","","","","","","","","","","","","","","","","3.273","0.023","","","","","","","","","","","","","","","","","","","","","","","","","","","","","","","","","","","","","","",""
"Hungary","1901","HUN","7156618","","","","","","","","","","","","","","","","","0.523","0.124","3330.740","23.837","","","","","","","","","","","","","","","","","","","","","","","","","","0.000","0.000","0.000","","","","","","","","","","","","","","","","","","","","","","","","","","","","","","","","","","","","50.000","0.012","4.875","0.035","","","","","","","","","","","","","","","","","","","","","","","","","","","","","","","","","","","","","","",""
"Hungary","1902","HUN","7207003","","","","","","","","","","","","","","","","","-6.068","-1.446","3106.771","22.391","","","","","","","","","","","","","","","","","","","","","","","","","","0.000","0.000","0.000","","","","","","","","","","","","","","","","","","","","","","","","","","","","","","","","","","","","33.333","0.012","6.455","0.047","","","","","","","","","","","","","","","","","","","","","","","","","","","","","","","","","","","","","","",""
"Hungary","1903","HUN","7257247","","","","","","","","","","","","","","","","","3.293","0.737","3186.851","23.128","","","","","","","","","","","","","","","","","","","","","","","","","","0.000","0.000","0.000","","","","","","","","","","","","","","","","","","","","","","","","","","","","","","","","","","","","-25.000","-0.012","4.808","0.035","","","","","","","","","","","","","","","","","","","","","","","","","","","","","","","","","","","","","","",""
"Hungary","1904","HUN","7307841","","","","","","","","","","","","","","","","","2.270","0.525","3236.641","23.653","","","","","","","","","","","","","","","","","","","","","","","","","","0.000","0.000","0.000","","","","","","","","","","","","","","","","","","","","","","","","","","","","","","","","","","","","-33.333","-0.012","3.183","0.023","","","","","","","","","","","","","","","","","","","","","","","","","","","","","","","","","","","","","","",""
"Hungary","1905","HUN","7358788","","","","","","","","","","","","","","","","","4.274","1.011","3351.612","24.664","","","","","","","","","","","","","","","","","","","","","","","","","","0.000","0.000","0.000","","","","","","","","","","","","","","","","","","","","","","","","","","","","","","","","","","","","150.000","0.035","7.902","0.058","","","","","","","","","","","","","","","","","","","","","","","","","","","","","","","","","","","","","","",""
"Hungary","1906","HUN","7410090","","","","","","","","","","","","","","","","","6.407","1.580","3541.656","26.244","","","","","","","","","","","","","","","","","","","","","","","","","","0.000","0.000","0.000","","","","","","","","","","","","","","","","","","","","","","","","","","","","","","","","","","","","-40.000","-0.023","4.708","0.035","","","","","","","","","","","","","","","","","","","","","","","","","","","","","","","","","","","","","","",""
"Hungary","1907","HUN","7461749","","","","","","","","","","","","","","","","","1.221","0.320","3560.065","26.564","","","","","","","","","","","","","","","","","","","","","","","","","","0.000","0.000","0.000","","","","","","","","","","","","","","","","","","","","","","","","","","","","","","","","","","","","-33.333","-0.012","3.117","0.023","","","","","","","","","","","","","","","","","","","","","","","","","","","","","","","","","","","","","","",""
"Hungary","1908","HUN","7513769","","","","","","","","","","","","","","","","","6.973","1.852","3781.925","28.417","","","","","","","","","","","","","","","","","","","","","","","","","","0.000","0.000","0.000","","","","","","","","","","","","","","","","","","","","","","","","","","","","","","","","","","","","0.000","0.000","3.096","0.023","","","","","","","","","","","","","","","","","","","","","","","","","","","","","","","","","","","","","","",""
"Hungary","1909","HUN","7561436","","","","","","","","","","","","","","","","","8.874","2.522","4091.560","30.938","","","","","","","","","","","","","","","","","","","","","","","","","","0.000","0.000","0.000","","","","","","","","","","","","","","","","","","","","","","","","","","","","","","","","","","","","50.000","0.012","4.614","0.035","","","","","","","","","","","","","","","","","","","","","","","","","","","","","","","","","","","","","","",""
"Hungary","1910","HUN","7604701","24369072000","","","","","","","","","","","","","","","","-0.634","-0.196","4042.476","30.742","","","","","","","","","","","","","","","","","","","","","","","","","","0.000","0.000","0.000","","","","","","","","","","","","","","","","","","","","","","","","","","","","","","","","","","","","0.000","0.000","4.588","0.035","","","","","","","","","","","","","","","","","","","","","","","","","","","","","","","","","","","","","","",""
"Hungary","1911","HUN","7643515","","","","","","","","","","","","","","","","","3.695","1.136","4170.578","31.878","","","","","","","","","","","","","","","","","","","","","","","","","","0.000","0.000","0.000","","","","","","","","","","","","","","","","","","","","","","","","","","","","","","","","","","","","-33.333","-0.012","3.043","0.023","","","","","","","","","","","","","","","","","","","","","","","","","","","","","","","","","","","","","","",""
"Hungary","1912","HUN","7677830","","","","","","","","","","","","","","","","","2.235","0.713","4244.747","32.590","","","","","","","","","","","","","","","","","","","","","","","","","","0.000","0.000","0.000","","","","","","","","","","","","","","","","","","","","","","","","","","","","","","","","","","","","50.000","0.012","4.544","0.035","","","","","","","","","","","","","","","","","","","","","","","","","","","","","","","","","","","","","","",""
"Hungary","1913","HUN","7707596","26216960000","","","","","","","","","","","","","","","","6.706","2.185","4511.894","34.776","","","","","","","","","","","","","","","","","","","","","","","","","","0.000","0.000","0.000","","","","","","","","","","","","","","","","","","","","","","","","","","","","","","","","","","","","-33.333","-0.012","3.018","0.023","","","","","","","","","","","","","","","","","","","","","","","","","","","","","","","","","","","","","","",""
"Hungary","1914","HUN","7737477","","","","","","","","","","","","","","","","","-10.754","-3.740","4011.145","31.036","","","","","","","","","","","","","","","","","","","","","","","","","","0.000","0.000","0.000","","","","","","","","","","","","","","","","","","","","","","","","","","","","","","","","","","","","100.000","0.023","6.012","0.047","","","","","","","","","","","","","","","","","","","","","","","","","","","","","","","","","","","","","","",""
"Hungary","1915","HUN","7767474","","","","","","","","","","","","","","","","","1.379","0.428","4050.773","31.464","","","","","","","","","","","","","","","","","","","","","","","","","","0.000","0.000","0.000","","","","","","","","","","","","","","","","","","","","","","","","","","","","","","","","","","","","75.000","0.035","10.481","0.081","","","","","","","","","","","","","","","","","","","","","","","","","","","","","","","","","","","","","","",""
"Hungary","1916","HUN","7797587","","","","","","","","","","","","","","","","","-0.557","-0.175","4012.664","31.289","","","","","","","","","","","","","","","","","","","","","","","","","","0.000","0.000","0.000","","","","","","","","","","","","","","","","","","","","","","","","","","","","","","","","","","","","-14.286","-0.012","8.949","0.070","","","","","","","","","","","","","","","","","","","","","","","","","","","","","","","","","","","","","","",""
"Hungary","1917","HUN","7827817","","","","","","","","","","","","","","","","","-1.746","-0.546","3927.391","30.743","","","","","","","","","","","","","","","","","","","","","","","","","","0.000","0.000","0.000","","","","","","","","","","","","","","","","","","","","","","","","","","","","","","","","","","","","50.000","0.035","13.372","0.105","","","","","","","","","","","","","","","","","","","","","","","","","","","","","","","","","","","","","","",""
"Hungary","1918","HUN","7858603","","","","","","","","","","","","","","","","","-6.806","-2.092","3645.770","28.651","","","","","","","","","","","","","","","","","","","","","","","","","","0.000","0.000","0.000","","","","","","","","","","","","","","","","","","","","","","","","","","","","","","","","","","","","-100.000","-0.105","0.000","0.000","","","","","","","","","","","","","","","","","","","","","","","","","","","","","","","","","","","","","","",""
"Hungary","1919","HUN","7896685","","","","","","","","","","","","","","","","","-53.111","-15.217","1701.236","13.434","","","","","","","","","","","","","","","","","","","","","","","","","","0.000","0.000","0.000","","","","","","","","","","","","","","","","","","","","","","","","","","","","","","","","","","","","","0.000","0.000","0.000","","","","","","","","","","","","","","","","","","","","","","","","","","","","","","","","","","","","","","",""
"Hungary","1920","HUN","7942153","21655800000","","","","","","","","","","","","","","","","27.857","3.742","2162.703","17.177","","","","","","","","","","","","","","","","","","","","","","","","","","0.000","0.000","0.000","","","","","","","","","","","","","","","","","","","","","","","","","","","","","","","","","","","","","0.000","0.000","0.000","","","","","","","","","","","","","","","","","","","","","","","","","","","","","","","","","","","","","","",""
"Hungary","1921","HUN","7995099","","","","","","","","","","","","","","","","","28.557","4.905","2761.892","22.082","","","","","","","","","","","","","","","","","","","","","","","","","","0.000","0.000","0.000","","","","","","","","","","","","","","","","","","","","","","","","","","","","","","","","","","","","","0.000","0.000","0.000","","","","","","","","","","","","","","","","","","","","","","","","","","","","","","","","","","","","","","",""
"Hungary","1922","HUN","8055612","","","","","","","","","","","","","","","","","12.991","2.869","3097.236","24.950","","","","","","","","","","","","","","","","","","","","","","","","","","0.000","0.000","0.000","","","","","","","","","","","","","","","","","","","","","","","","","","","","","","","","","","","","","0.000","0.000","0.000","","","","","","","","","","","","","","","","","","","","","","","","","","","","","","","","","","","","","","",""
"Hungary","1923","HUN","8123785","","","","","","","","","","","","","","","","","8.522","2.126","3332.962","27.076","","","","","","","","","","","","","","","","","","","","","","","","","","0.000","0.000","0.000","","","","","","","","","","","","","","","","","","","","","","","","","","","","","","","","","","","","","0.000","0.000","0.000","","","","","","","","","","","","","","","","","","","","","","","","","","","","","","","","","","","","","","",""
"Hungary","1924","HUN","8192535","25091136000","","","","","","","","","","","","","","","","-7.773","-2.105","3048.106","24.972","","","","","","","","","","","","","","","","","","","","","","","","","","0.000","0.000","0.000","","","","","","","","","","","","","","","","","","","","","","","","","","","","","","","","","","","","","0.000","0.000","0.000","","","","","","","","","","","","","","","","","","","","","","","","","","","","","","","","","","","","","","",""
"Hungary","1925","HUN","8261866","30150267000","","","","","","","","","","","","","","","","-10.080","-2.517","2717.852","22.455","","","","","","","","","","","","","","","","","","","","","","","","","","0.000","0.000","0.000","","","","","","","","","","","","","","","","","","","","","","","","","","","","","","","","","","","","","0.000","0.000","0.000","","","","","","","","","","","","","","","","","","","","","","","","","","","","","","","","","","","","","","",""
"Hungary","1926","HUN","8331785","28887818000","","","","","","","","","","","","","","","","5.057","1.135","2831.325","23.590","","","","","","","","","","","","","","","","","","","","","","","","","","0.000","0.000","0.000","","","","","","","","","","","","","","","","","","","","","","","","","","","","","","","","","","","","","0.000","0.000","0.000","","","","","","","","","","","","","","","","","","","","","","","","","","","","","","","","","","","","","","",""
"Hungary","1927","HUN","8402295","30146964000","","","","","","","","","","","","","","","","5.263","1.241","2955.320","24.831","","","","","","","","","","","","","","","","","","","","","","","","","","0.000","0.000","0.000","","","","","","","","","","","","","","","","","","","","","","","","","","","","","","","","","","","","","0.000","0.000","0.000","","","","","","","","","","","","","","","","","","","","","","","","","","","","","","","","","","","","","","",""
"Hungary","1928","HUN","8473402","32793480000","","","","","","","","","","","","","","","","3.585","0.890","3035.592","25.722","","","","","","","","","","","","","","","","","","","","","","","","","","0.000","0.000","0.000","","","","","","","","","","","","","","","","","","","","","","","","","","","","","","","","","","","","","0.000","0.000","0.000","","","","","","","","","","","","","","","","","","","","","","","","","","","","","","","","","","","","","","",""
"Hungary","1929","HUN","8542835","33877101000","","","","","","","","","","","","","","","","7.824","2.012","3246.489","27.734","","","","","","","","","","","","","","","","","","","","","","","","","","0.000","0.000","0.000","","","","","","","","","","","","","","","","","","","","","","","","","","","","","","","","","","","","","0.000","0.000","0.000","","","","","","","","","","","","","","","","","","","","","","","","","","","","","","","","","","","","","","",""
"Hungary","1930","HUN","8610564","33142968000","","","","","","","","","","","","","","","","-10.869","-3.014","2870.860","24.720","","","","","","","","","","","","","","","","","","","","","","","","","","0.000","0.000","0.000","","","","","","","","","","","","","","","","","","","","","","","","","","","","","","","","","","","","","0.000","0.000","0.000","","","","","","","","","","","","","","","","","","","","","","","","","","","","","","","","","","","","","","",""
"Hungary","1931","HUN","8676559","31533645000","","","","","","","","","","","","","","","","-1.562","-0.386","2804.510","24.334","","","","","","","","","","","","","","","","","","","","","","","","","","0.000","0.000","0.000","","","","","","","","","","","","","","","","","","","","","","","","","","","","","","","","","","","","","0.000","0.000","0.000","","","","","","","","","","","","","","","","","","","","","","","","","","","","","","","","","","","","","","",""
"Hungary","1932","HUN","8740788","30694790000","","","","","","","","","","","","","","","","-0.269","-0.065","2776.420","24.268","","","","","","","","","","","","","","","","","","","","","","","","","","0.000","0.000","0.000","","","","","","","","","","","","","","","","","","","","","","","","","","","","","","","","","","","","","0.000","0.000","0.000","","","","","","","","","","","","","","","","","","","","","","","","","","","","","","","","","","","","","","",""
"Hungary","1933","HUN","8803220","33480832000","","","","","","","","","","","","","","","","-2.134","-0.518","2697.914","23.750","","","","","","","","","","","","","","","","","","","","","","","","","","0.000","0.000","0.000","","","","","","","","","","","","","","","","","","","","","","","","","","","","","","","","","","","","","0.000","0.000","0.000","","","","","","","","","","","","","","","","","","","","","","","","","","","","","","","","","","","","","","",""
"Hungary","1934","HUN","8866098","33695982000","","","","","","","","","","","","","","","","3.328","0.790","2767.934","24.541","","","","","","","","","","","","","","","","","","","","","","","","","","0.000","0.000","0.000","","","","","","","","","","","","","","","","","","","","","","","","","","","","","","","","","","","","","0.000","0.000","0.000","","","","","","","","","","","","","","","","","","","","","","","","","","","","","","","","","","","","","","",""
"Hungary","1935","HUN","8929425","35391915000","","","","","","","","","","","","","","","","8.442","2.072","2980.306","26.612","","","","","","","","","","","","","","","","","","","","","","","","","","0.000","0.000","0.000","","","","","","","","","","","","","","","","","","","","","","","","","","","","","","","","","","","","","0.000","0.000","0.000","","","","","","","","","","","","","","","","","","","","","","","","","","","","","","","","","","","","","","",""
"Hungary","1936","HUN","8993204","37748958000","","","","","","","","","","","","","","","","5.012","1.334","3107.474","27.946","","","","","","","","","","","","","","","","","","","","","","","","","","0.000","0.000","0.000","","","","","","","","","","","","","","","","","","","","","","","","","","","","","","","","","","","","","0.000","0.000","0.000","","","","","","","","","","","","","","","","","","","","","","","","","","","","","","","","","","","","","","",""
"Hungary","1937","HUN","9057438","36910671000","","","","","","","","","","","","","","","","13.033","3.642","3487.554","31.588","","","","","","","","","","","","","","","","","","","","","","","","","","0.000","0.000","0.000","","","","","","","","","","","","","","","","","","","","","","","","","","","","","","","","","","","","","0.023","2.568","0.023","","","","","","","","","","","","","","","","","","","","","","","","","","","","","","","","","","","","","","",""
"Hungary","1938","HUN","9122132","38794744000","","","","","","","","","","","","","","","","4.518","1.427","3619.259","33.015","","","","","","","","","","","","","","","","","","","","","","","","","","0.000","0.000","0.000","","","","","","","","","","","","","","","","","","","","","","","","","","","","","","","","","","","","2050.000","0.477","54.822","0.500","","","","","","","","","","","","","","","","","","","","","","","","","","","","","","","","","","","","","","",""
"Hungary","1939","HUN","9175084","41742948000","","","","","","","","","","","","","","","","13.381","4.418","4079.880","37.433","","","","","","","","","","","","","","","","","","","","","","","","","","0.000","0.000","0.000","","","","","","","","","","","","","","","","","","","","","","","","","","","","","","","","","","","","234.884","1.175","182.529","1.675","","","","","","","","","","","","","","","","","","","","","","","","","","","","","","","","","","","","","","",""
"Hungary","1940","HUN","9216204","38875382000","","","","","","","","","","","","","","","","7.065","2.645","4348.630","40.078","","","","","","","","","","","","","","","","","","","","","","","","","","0.000","0.000","0.000","","","","","","","","","","","","","","","","","","","","","","","","","","","","","","","","","","","","76.389","1.279","320.525","2.954","","","","","","","","","","","","","","","","","","","","","","","","","","","","","","","","","","","","","","",""
"Hungary","1941","HUN","9245400","39113984000","","","","","","","","","","","","","","","","7.811","3.130","4673.478","43.208","","","","","","","","","","","","","","","","","","","","","","","","","","0.000","0.000","0.000","","","","","","","","","","","","","","","","","","","","","","","","","","","","","","","","","","","","66.142","1.954","530.843","4.908","","","","","","","","","","","","","","","","","","","","","","","","","","","","","","","","","","","","","","",""
"Hungary","1942","HUN","9262582","41079312000","","","","","","","","","","","","","","","","1.653","0.714","4741.905","43.922","","","","","","","","","","","","","","","","","","","","","","","","","","0.000","0.000","0.000","","","","","","","","","","","","","","","","","","","","","","","","","","","","","","","","","","","","57.820","2.838","836.223","7.746","","","","","","","","","","","","","","","","","","","","","","","","","","","","","","","","","","","","","","",""
"Hungary","1943","HUN","9267656","","","","","","","","","","","","","","","","","-2.158","-0.948","4637.046","42.975","","","","","","","","","","","","","","","","","","","","","","","","","","0.000","0.000","0.000","","","","","","","","","","","","","","","","","","","","","","","","","","","","","","","","","","","","25.976","2.012","1052.863","9.758","","","","","","","","","","","","","","","","","","","","","","","","","","","","","","","","","","","","","","",""
"Hungary","1944","HUN","9272733","","","","","","","","","","","","","","","","","-20.118","-8.646","3702.146","34.329","","","","","","","","","","","","","","","","","","","","","","","","","","0.000","0.000","0.000","","","","","","","","","","","","","","","","","","","","","","","","","","","","","","","","","","","","-0.715","-0.070","1044.761","9.688","","","","","","","","","","","","","","","","","","","","","","","","","","","","","","","","","","","","","","",""
"Hungary","1945","HUN","9277812","","","","","","","","","","","","","","","","","-55.105","-18.917","1661.181","15.412","","","","","","","","","","","","","","","","","","","","","","","","","","0.000","0.000","0.000","","","","","","","","","","","","","","","","","","","","","","","","","","","","","","","","","","","","-21.369","-2.070","821.061","7.618","","","","","","","","","","","","","","","","","","","","","","","","","","","","","","","","","","","","","","",""
"Hungary","1946","HUN","9282895","24802206000","","","","","","","","","","","","","","","","45.691","7.042","2418.869","22.454","","","","","","","","","","","","","","","","","","","","","","","","","","1.040","112.083","1.040","","","","","","","","","","","","","","","","","","","","","","","","","","","","","","","","","","","","4.580","0.349","858.197","7.967","","","","","","","","","","","","","","","","","","","","","","","","","","","","","","","","","","","","","","",""
"Hungary","1947","HUN","9287980","25675412000","","","","","","","","","","","","","","","","38.972","8.751","3359.701","31.205","","","","","","","","","","","","","","","","","","","","","","","","","10.989","0.114","124.332","1.155","","","","","","","","","","","","","","","","","","","","","","","","","","","","","","","","","","","","-16.788","-1.337","713.729","6.629","","","","","","","","","","","","","","","","","","","","","","","","","","","","","","","","","","","","","","",""
"Hungary","1948","HUN","9293068","32117106000","","","","","","","","","","","","","","","","20.351","6.351","4041.237","37.555","","","","","","","","","","","","","","","","","","","","","","","","","216.832","2.504","393.707","3.659","","","","","","","","","","","","","","","","","","","","","","","","","","","","","","","","","","","","-14.912","-0.989","606.963","5.641","","","","","","","","","","","","","","","","","","","","","","","","","","","","","","","","","","","","","","",""
"Hungary","1949","HUN","9309618","34706000000","","","","","","","","","","","","","","","","11.495","4.317","4497.765","41.872","","","","","","","","","","","","","","","","","","","","","","","","","16.250","0.595","456.871","4.253","","","","","","","","","","","","","","","","","","","","","","","","","","","","","","","","","","","","4.330","0.244","632.118","5.885","","","","","","","","","","","","","","","","","","","","","","","","","","","","","","","","","","","","","","",""
"Hungary","1950","HUN","9337883","36913114000","","","","","","","","","","","","","","","","11.686","4.893","5008.190","46.766","","","","","","","","","","","","","","","","","","","","","","","","","2.419","0.103","466.508","4.356","","","","","","","","","","","","","","","","","","","","","","","","","","","","","","","","","","","","1.186","0.070","637.678","5.955","","","","","","","","","","","","","","","","","","","","","","","","","","","","","","","","","","","","","","",""
"Hungary","1951","HUN","9423178","40481208000","","","","","","","","","","","","","","","","15.109","7.066","5712.682","53.832","","","","","","","","","","","","","","","","","","","","","","","","","6.299","0.274","491.405","4.631","","","","","","","","","","","","","","","","","","","","","","","","","","","","","","","","","","","","-2.539","-0.151","615.861","5.803","","","","","","","","","","","","","","","","","","","","","","","","","","","","","","","","","","","","","","",""
"Hungary","1952","HUN","9503933","41846112000","","","","","","","","","","","","","","","","21.030","11.321","6855.305","65.152","","","","","","","","","","","","","","","","","","","","","","","","","23.457","1.086","601.518","5.717","","","","","","","","","","","","","","","","","","","","","","","","","","","","","","","","","","","","19.840","1.151","731.775","6.955","","","","","","","","","","","","","","","","","","","","","","","","","","","","","","","","","","","","","","",""
"Hungary","1953","HUN","9594481","42611395000","","","","","","","","","","","","","","","","13.248","8.631","7690.231","73.784","","","","","","","","","","","","","","","","","","","","","","","","","9.800","0.560","654.234","6.277","","","","","","","","","","","","","","","","","","","","","","","","","","","","","","","","","","","","41.472","2.884","1025.483","9.839","","","","","","","","","","","","","","","","","","","","","","","","","","","","","","","","","","","","","","",""
"Hungary","1954","HUN","9704596","44094358000","","","","","","","","","","","","","","","","3.142","2.318","7841.865","76.102","","","","","","","","","","","","","","","","","","","","","","","","","1.639","0.103","657.414","6.380","","","","","","","","","","","","","","","","","","","","","","","","","","","","","","","","","","","","43.853","4.315","1458.454","14.154","","","","","","","","","","","","","","","","","","","","","","","","","","","","","","","","","","","","","","",""
"Hungary","1955","HUN","9823216","48083550000","","","","","","","","","","","","","","","","3.886","2.958","8048.256","79.060","","","","","","","","","","","","","","","","","","","","","","","","","-2.330","-0.149","634.344","6.231","","","","","","","","","","","","","","","","","","","","","","","","","","","","","","","","","","","","31.553","4.466","1895.472","18.620","","","","","","","","","","","","","","","","","","","","","","","","","","","","","","","","","","","","","","",""
"Hungary","1956","HUN","9853996","45907752000","","","","","","","","","","","","","","","","-7.905","-6.249","7388.928","72.810","","","","","","","","","","","","","","","","","","","","","","","","","-17.064","-1.063","524.455","5.168","","","","","","","","","","","","","","","","","","","","","","","","","","","","","","","","","","","","-24.922","-4.640","1418.639","13.979","","","","","","","","","","","","","","","","","","","","","","","","","","","","","","","","","","","","","","",""
"Hungary","1957","HUN","9837926","49696789000","","","","","","","","","","","","","","","","2.703","1.968","7601.040","74.778","","","","","","","","","","","","","","","","","","","","","","","","","-9.071","-0.469","477.662","4.699","","","","","","","","","","","","","","","","","","","","","","","","","","","","","","","","","","","","-43.844","-6.129","797.958","7.850","","","","","","","","","","","","","","","","","","","","","","","","","","","","","","","","","","","","","","",""
"Hungary","1958","HUN","9880680","53036694000","","","","","","","","","","","","","","","","14.370","10.745","8655.666","85.524","","","","","","","","","","","","","","","","","","","","","","","","","-8.759","-0.412","433.937","4.288","","","","","","","","","","","","","","","","","","","","","","","","","","","","","","","","","","","","22.963","1.803","976.947","9.653","","","","","","","","","","","","","","","","","","","","","","","","","","","","","","","","","","","","","","",""
"Hungary","1959","HUN","9936845","55180161000","","","","","","","","","","","","","","","","4.582","3.919","9001.087","89.442","","","","","","","","","","","","","","","","","","","","","","","","","-10.933","-0.469","384.309","3.819","","","","","","","","","","","","","","","","","","","","","","","","","","","","","","","","","","","","24.819","2.396","1212.526","12.049","","","","","","","","","","","","","","","","","","","","","","","","","","","","","","","","","","","","","","",""
"Hungary","1960","HUN","9983383","58064104156","","","","","","","","","","","","","","","","4.589","4.105","9370.276","93.547","","","","","","","","","","","","","","","","","","","","","","","","","2.395","0.091","391.679","3.910","","","","","","","","","","","","","","","","","","","","","","","","","","","","","","","","","","","","17.471","2.105","1417.727","14.154","","","","","","","","","","","","","","","","","","","","","","","","","","","","","","","","","","","","","","",""
"Hungary","1961","HUN","10026515","61006407000","","","","","","","","","","","","","","","","6.284","5.879","9916.281","99.426","","","","","","","","","","","","","","","","","","","","","","","","","-5.263","-0.206","369.468","3.704","","","","","","","","","","","","","","","","","","","","","","","","","","","","","","","","","","","","19.721","2.791","1690.010","16.945","","","","","","","","","","","","","","","","","","","","","","","","","","","","","","","","","","","","","","",""
"Hungary","1962","HUN","10058067","63547845000","","","","","","","","","","","","","","","","1.951","1.940","10078.041","101.366","","","","","","","","","","","","","","","","","","","","","","","","","4.938","0.183","386.498","3.887","","","","","","","","","","","","","","","","","","","","","","","","","","","","","","","","","","","","12.629","2.140","1897.465","19.085","","","","","","","","","","","","","","","","","","","","","","","","","","","","","","","","","","","","","","",""
"Hungary","1963","HUN","10083843","67044604000","","","","","","","","","","","","","","","","6.564","6.653","10712.070","108.019","","","","","","","","","","","","","","","","","","","","","","","","","80.000","3.110","693.917","6.997","","","","","","","","","","","","","","","","","","","","","","","","","","","","","","","","","","","","7.008","1.337","2025.248","20.422","","","","","","","","","","","","","","","","","","","","","","","","","","","","","","","","","","","","","","",""
"Hungary","1964","HUN","10114375","70807256000","","","","","","","","","","","","","","","","3.822","4.128","11087.900","112.147","","","","","","","","","","","","","","","","","","","","","","","","","28.105","1.967","886.256","8.964","","","","","","","","","","","","","","","","","","","","","","","","","","","","","","","","","","","","2.563","0.523","2070.877","20.946","","","","","","","","","","","","","","","","","","","","","","","","","","","","","","","","","","","","","","",""
"Hungary","1965","HUN","10141118","71364970230","","","0.000","0.000","","","","0.000","","","","12511.766","126.883","","","-0.084","-0.095","11049.331","112.053","","68.600","","","","","","","18240.141","2.592","","","","","18218.271","184.754","","99.887","","","13.597","","","1340.804","41.327","3.704","1249.212","12.668","","7.351","","","","0.208","7.396","0.075","20.543","","0.113","","","0.208","7.396","0.075","20.543","","0.113","","","","","0.000","0.000","0","0.000","","0.000","","","44.273","","","4365.702","0.111","0.023","2067.710","20.969","","23.936","0.000","0","","","","0.000","","0.000","","","0.000","","184.975","","","0.208","7.396","0.075","20.543","","0.113","","","0.000","0.000","0","0.000","","0.000","","","0.000","0.000","0","0.000","","0.000"
"Hungary","1966","HUN","10170409","75426855410","","0.000","0.000","0.000","","","","0.000","","-4.097","-5.199","11964.581","121.685","","","-3.305","-3.704","10653.339","108.349","","64.918","","","","","1.345","2.487","18432.184","2.485","1.306","2.414","","","18403.109","187.167","","99.852","23.968","3.259","16.856","","","1657.382","40.162","5.088","1745.884","17.756","","8.993","","33.333","0.069","0.278","9.832","0.1","27.312","","0.148","33.333","0.069","0.278","9.832","0.1","27.312","","0.148","","","","0.000","0.000","0.000","0","0.000","","0.000","9.832","4.353","48.626","","","4781.146","-5.435","-1.140","1949.690","19.829","","25.942","0.000","0","","","0.000","0.000","","0.000","","","0.000","","187.463","33.333","0.069","0.278","9.832","0.1","27.312","","0.148","","0.000","0.000","0.000","0","0.000","","0.000","","0.000","0.000","0.000","0","0.000","","0.000"
"Hungary","1967","HUN","10206812","79752914046","","0.000","0.000","0.000","","","","0.000","","-13.247","-16.119","10342.653","105.566","","","-26.217","-28.406","7832.295","79.943","","59.015","","","","","-4.572","-8.570","17526.768","2.243","-4.551","-8.517","","","17503.012","178.650","","99.873","28.349","4.778","21.635","","","2119.638","31.681","5.625","2290.791","23.382","","12.095","","-18.000","-0.050","0.228","8.034","0.082","22.316","","0.127","-18.000","-0.050","0.228","8.034","0.082","22.316","","0.127","","","","0.000","0.000","0.000","0","0.000","","0.000","5.807","2.823","51.450","","","5040.721","-1.114","-0.221","1921.088","19.608","","28.762","0.000","0","","","0.000","0.000","","0.000","","","0.000","","178.892","-18.000","-0.050","0.228","8.034","0.082","22.316","","0.127","","0.000","0.000","0.000","0","0.000","","0.000","","0.000","0.000","0.000","0","0.000","","0.000"
"Hungary","1968","HUN","10244548","80722757768","","0.000","0.000","0.000","","","","0.000","","-1.300","-1.372","10170.597","104.193","","","22.032","17.613","9522.727","97.556","","56.142","","","","","3.753","6.713","18117.527","2.299","3.746","6.693","","","18091.840","185.343","","99.867","25.858","5.594","27.229","","","2657.902","31.247","7.306","2995.519","30.688","","14.672","","8.537","0.019","0.247","8.688","0.089","24.132","","0.133","8.537","0.019","0.247","8.688","0.089","24.132","","0.133","","","","0.000","0.000","0.000","0","0.000","","0.000","4.802","2.471","53.921","","","5263.340","7.177","1.407","2051.375","21.015","","29.054","0.000","0","","","0.000","0.000","","0.000","","","0.000","","185.606","8.537","0.019","0.247","8.688","0.089","24.132","","0.133","","0.000","0.000","0.000","0","0.000","","0.000","","0.000","0.000","0.000","0","0.000","","0.000"
"Hungary","1969","HUN","10281595","83133409822","","0.000","0.000","0.000","","","","0.000","","1.496","1.558","10285.523","105.752","","","-2.628","-2.564","9239.076","94.992","","53.210","","","","","7.088","13.157","19331.869","2.391","7.089","13.139","","","19304.547","198.482","","99.867","19.050","5.187","32.416","","","3152.818","20.529","6.300","3597.461","36.988","","16.310","","6.742","0.017","0.264","9.240","0.095","25.666","","0.133","6.742","0.017","0.264","9.240","0.095","25.666","","0.133","","","","0.000","0.000","0.000","0","0.000","","0.000","11.857","6.393","60.314","","","5866.205","-2.933","-0.616","1984.033","20.399","","30.347","0.000","0","","","0.000","0.000","","0.000","","","0.000","","198.762","6.742","0.017","0.264","9.240","0.095","25.666","","0.133","","0.000","0.000","0.000","0","0.000","","0.000","","0.000","0.000","0.000","0","0.000","","0.000"
"Hungary","1970","HUN","10315142","82851086308","","0.000","0.000","0.000","","","","0.000","","1.628","1.721","10418.938","107.473","","","4.789","4.549","9650.008","99.541","","50.192","","","","","7.736","15.377","20759.742","2.585","7.758","15.398","","","20734.516","213.879","","99.886","12.145","3.937","36.353","","","3524.237","7.233","2.675","3845.134","39.663","","16.978","","-7.368","-0.019","0.244","8.531","0.088","23.698","","0.114","-7.368","-0.019","0.244","8.531","0.088","23.698","","0.114","","","","0.000","0.000","0.000","0","0.000","","0.000","16.148","9.740","70.054","","","6791.340","10.433","2.128","2183.907","22.527","","32.716","0.000","0","","","0.000","0.000","","0.000","","","0.000","","214.140","-7.368","-0.019","0.244","8.531","0.088","23.698","","0.114","","0.000","0.000","0.000","0","0.000","","0.000","","0.000","0.000","0.000","0","0.000","","0.000"
"Hungary","1971","HUN","10343972","86536292455","","0.000","0.000","0.000","","","","0.000","","-3.203","-3.442","10057.099","104.030","","","-1.638","-1.630","9465.494","97.911","","47.056","","","","","3.249","6.957","21374.479","2.555","3.242","6.934","","","21347.035","220.813","","99.879","4.133","1.503","37.856","","","3659.668","6.803","2.698","4095.276","42.361","","17.123","","9.091","0.022","0.267","9.281","0.096","25.780","","0.121","9.091","0.022","0.267","9.281","0.096","25.780","","0.121","","","","0.000","0.000","0.000","0","0.000","","0.000","12.667","8.874","78.927","","","7630.269","0.929","0.209","2198.058","22.737","","35.701","0.000","0","","","0.000","0.000","","0.000","","","0.000","","221.097","9.091","0.022","0.267","9.281","0.096","25.780","","0.121","","0.000","0.000","0.000","0","0.000","","0.000","","0.000","0.000","0.000","0","0.000","","0.000"
"Hungary","1972","HUN","10374303","88401742426","","0.000","0.000","0.000","","","","0.000","","-2.817","-2.931","9745.194","101.100","","","-5.821","-5.699","8888.479","92.212","","44.292","","","","","3.248","7.181","22004.176","2.582","3.233","7.140","","","21972.824","227.953","","99.866","7.936","3.004","40.860","","","3938.554","10.283","4.356","4503.206","46.718","","17.901","","14.583","0.039","0.306","10.603","0.11","29.453","","0.134","14.583","0.039","0.306","10.603","0.11","29.453","","0.134","","","","0.000","0.000","0.000","0","0.000","","0.000","8.953","7.066","85.993","","","8289.076","1.125","0.256","2216.294","22.993","","37.674","0.000","0","","","0.000","0.000","","0.000","","","0.000","","228.278","14.583","0.039","0.306","10.603","0.11","29.453","","0.134","","0.000","0.000","0.000","0","0.000","","0.000","","0.000","0.000","0.000","0","0.000","","0.000"
"Hungary","1973","HUN","10407441","92999780625","","0.000","0.000","0.000","","","","0.000","","0.518","0.523","9764.450","101.623","","","3.124","2.880","9136.927","95.092","","41.114","","","","","8.286","18.916","23751.666","2.658","8.310","18.943","","","23722.969","246.895","","99.886","18.748","7.661","48.520","","","4662.073","17.988","8.404","5296.335","55.121","","19.630","","-8.182","-0.025","0.281","9.705","0.101","26.957","","0.114","-8.182","-0.025","0.281","9.705","0.101","26.957","","0.114","","","","0.000","0.000","0.000","0","0.000","","0.000","12.511","10.759","96.752","","","9296.445","0.607","0.140","2222.647","23.132","","39.143","0.000","0","","","0.000","0.000","","0.000","","","0.000","","247.194","-8.182","-0.025","0.281","9.705","0.101","26.957","","0.114","","0.000","0.000","0.000","0","0.000","","0.000","","0.000","0.000","0.000","0","0.000","","0.000"
"Hungary","1974","HUN","10453918","95403763391","","0.000","0.000","0.000","","","","0.000","","-4.623","-4.699","9271.588","96.924","","","-3.898","-3.707","8741.742","91.385","","38.047","","","","","3.061","7.567","24369.949","2.670","3.089","7.627","","","24347.037","254.522","","99.912","6.503","3.155","51.676","","","4943.171","5.663","3.121","5571.372","58.243","","20.285","","-19.802","-0.056","0.225","7.748","0.081","21.523","","0.088","-19.802","-0.056","0.225","7.748","0.081","21.523","","0.088","","","","0.000","0.000","0.000","0","0.000","","0.000","9.478","9.170","105.922","","","10132.277","0.402","0.093","2221.666","23.225","","41.579","0.000","0","","","0.000","0.000","","0.000","","","0.000","","254.761","-19.802","-0.056","0.225","7.748","0.081","21.523","","0.088","","0.000","0.000","0.000","0","0.000","","0.000","","0.000","0.000","0.000","0","0.000","","0.000"
"Hungary","1975","HUN","10515654","97450933351","","0.000","0.000","0.000","","","","0.000","","-4.728","-4.582","8781.403","92.342","","","-3.492","-3.191","8386.928","88.194","","34.240","","","","","5.871","14.957","25649.277","2.768","5.781","14.715","","","25603.443","269.237","","99.832","11.084","5.728","57.403","","","5458.838","1.728","1.006","5634.345","59.249","","21.285","","101.235","0.228","0.453","15.501","0.163","43.057","","0.168","101.235","0.228","0.453","15.501","0.163","43.057","","0.168","","","","0.000","0.000","0.000","0","0.000","","0.000","12.811","13.569","119.491","","","11363.201","0.451","0.105","2218.576","23.330","","44.307","0.000","0","","","0.000","0.000","","0.000","","","0.000","","269.719","101.235","0.228","0.453","15.501","0.163","43.057","","0.168","","0.000","0.000","0.000","0","0.000","","0.000","","0.000","0.000","0.000","0","0.000","","0.000"
"Hungary","1976","HUN","10573770","97744552927","","0.000","0.000","0.000","","","","0.000","","1.322","1.221","8848.627","93.563","","","1.304","1.150","8449.631","89.344","","32.473","","","","","6.835","18.436","27251.844","2.948","6.845","18.430","","","27205.701","287.667","","99.841","20.076","11.524","68.927","","","6518.702","17.368","10.290","6576.562","69.539","","23.923","","1.227","0.006","0.458","15.605","0.165","43.346","","0.159","1.227","0.006","0.458","15.605","0.165","43.346","","0.159","","","","0.000","0.000","0.000","0","0.000","","0.000","4.757","5.685","125.176","","","11838.373","6.780","1.582","2355.968","24.911","","43.445","0.000","0","","","0.000","0.000","","0.000","","","0.000","","288.155","1.227","0.006","0.458","15.605","0.165","43.346","","0.159","","0.000","0.000","0.000","0","0.000","","0.000","","0.000","0.000","0.000","0","0.000","","0.000"
"Hungary","1977","HUN","10623145","103871973823","","0.000","0.000","0.000","","","","0.000","","1.715","1.605","8958.579","95.168","","","0.737","0.659","8472.378","90.003","","31.414","","","","","5.145","14.825","28520.711","2.917","5.170","14.872","","","28479.238","302.539","","99.863","7.765","5.352","74.280","","","6992.256","8.698","6.048","7115.352","75.587","","24.519","","-9.697","-0.044","0.414","14.026","0.149","38.961","","0.137","-9.697","-0.044","0.414","14.026","0.149","38.961","","0.137","","","","0.000","0.000","0.000","0","0.000","","0.000","6.323","7.915","133.091","","","12528.402","2.288","0.570","2398.662","25.481","","43.931","0.000","0","","","0.000","0.000","","0.000","","","0.000","","302.980","-9.697","-0.044","0.414","14.026","0.149","38.961","","0.137","","0.000","0.000","0.000","0","0.000","","0.000","","0.000","0.000","0.000","0","0.000","","0.000"
"Hungary","1978","HUN","10660190","106380779153","","0.000","0.000","0.000","","","","0.000","","-0.098","-0.093","8918.721","95.075","","","0.854","0.769","8515.049","90.772","","29.343","","","","","6.950","21.058","30396.986","3.046","6.971","21.091","","","30358.709","323.630","","99.882","9.507","7.062","81.341","","","7630.375","11.118","8.404","7878.949","83.991","","25.104","","-7.383","-0.031","0.383","12.945","0.138","35.959","","0.118","-7.383","-0.031","0.383","12.945","0.138","35.959","","0.118","","","","0.000","0.000","0.000","0","0.000","","0.000","10.611","14.122","147.213","","","13809.613","0.411","0.105","2400.145","25.586","","45.434","0.000","0","","","0.000","0.000","","0.000","","","0.000","","324.038","-7.383","-0.031","0.383","12.945","0.138","35.959","","0.118","","0.000","0.000","0.000","0","0.000","","0.000","","0.000","0.000","0.000","0","0.000","","0.000"
"Hungary","1979","HUN","10688259","106597207312","","0.000","0.000","0.000","","","","0.000","","0.771","0.733","8963.850","95.808","","","0.023","0.021","8494.656","90.793","","29.861","","","","","-0.977","-3.166","30020.951","3.010","-0.986","-3.190","","","29980.561","320.440","","99.874","5.632","4.581","85.922","","","8038.938","-11.231","-9.433","6975.728","74.558","","26.780","","5.797","0.022","0.406","13.660","0.146","37.944","","0.126","5.797","0.022","0.406","13.660","0.146","37.944","","0.126","","","","0.000","0.000","0.000","0","0.000","","0.000","-5.776","-8.503","138.710","","","12977.773","-7.864","-2.012","2205.599","23.574","","43.233","0.000","0","","","0.000","0.000","","0.000","","","0.000","","320.872","5.797","0.022","0.406","13.660","0.146","37.944","","0.126","","0.000","0.000","0.000","0","0.000","","0.000","","0.000","0.000","0.000","0","0.000","","0.000"
"Hungary","1980","HUN","10695372","107668199050","","0.000","0.000","0.000","","","","0.000","","-1.942","-1.861","8783.906","93.947","","","-42.764","-38.826","4858.795","51.967","","29.193","","","","","0.301","0.967","30091.406","2.989","0.333","1.068","","","30060.441","321.508","","99.903","7.911","6.798","92.720","","","8669.146","-11.639","-8.678","6159.737","65.881","","28.811","","-23.288","-0.094","0.311","10.472","0.112","29.088","","0.097","-23.288","-0.094","0.311","10.472","0.112","29.088","","0.097","","","","0.000","0.000","0.000","0","0.000","","0.000","-2.789","-3.869","134.841","","","12607.389","48.101","11.339","3264.347","34.913","","41.900","0.000","0","","","0.000","0.000","","0.000","","","0.000","","321.839","-23.288","-0.094","0.311","10.472","0.112","29.088","","0.097","","0.000","0.000","0.000","0","0.000","","0.000","","0.000","0.000","0.000","0","0.000","","0.000"
"Hungary","1981","HUN","10679329","108436033824","","0.000","0.000","0.000","","","","0.000","","0.483","0.454","8839.573","94.401","","","60.694","31.541","7819.538","83.507","","29.634","","","","","-1.012","-3.258","29831.559","2.938","-1.065","-3.423","","","29785.041","318.084","","99.854","2.288","2.121","94.841","","","8880.801","-3.226","-2.125","5969.990","63.755","","29.773","","50.000","0.156","0.467","15.731","0.168","43.698","","0.146","50.000","0.156","0.467","15.731","0.168","43.698","","0.146","","","","0.000","0.000","0.000","0","0.000","","0.000","-4.448","-5.998","128.843","","","12064.667","-0.267","-0.093","3260.519","34.820","","40.446","0.000","0","","","0.000","0.000","","0.000","","","0.000","","318.581","50.000","0.156","0.467","15.731","0.168","43.698","","0.146","","0.000","0.000","0.000","0","0.000","","0.000","","0.000","0.000","0.000","0","0.000","","0.000"
"Hungary","1982","HUN","10656109","112333180394","","0.000","0.000","0.000","","","","0.000","","4.263","4.024","9236.456","98.425","","","0.233","0.194","7854.816","83.702","","30.761","","","","","0.443","1.413","30029.133","2.849","0.452","1.439","","","29985.012","319.524","","99.862","4.437","4.208","99.049","","","9295.020","9.195","5.863","6533.154","69.618","","30.956","","-5.357","-0.025","0.442","14.921","0.159","41.447","","0.138","-5.357","-0.025","0.442","14.921","0.159","41.447","","0.138","","","","0.000","0.000","0.000","0","0.000","","0.000","-5.272","-6.792","122.050","","","11453.536","7.107","2.475","3499.859","37.295","","38.145","0.000","0","","","0.000","0.000","","0.000","","","0.000","","319.994","-5.357","-0.025","0.442","14.921","0.159","41.447","","0.138","","0.000","0.000","0.000","0","0.000","","0.000","","0.000","0.000","0.000","0","0.000","","0.000"
"Hungary","1983","HUN","10622989","111181103525","","0.000","0.000","0.000","","","","0.000","","-5.991","-5.896","8710.192","92.528","","","-4.073","-3.409","7558.390","80.293","","29.439","","","","","-1.723","-5.514","29603.729","2.829","-3.918","-12.519","","","28900.018","307.005","","97.677","-0.306","-0.303","98.746","","","9295.477","-3.686","-2.566","6311.993","67.052","","31.417","","-2.516","-0.011","0.431","14.591","0.155","40.531","","0.137","1552.830","6.858","7.300","247.388","2.628","687.189","","2.323","","","","6.869","6.869","232.797","2.473","646.658","","2.186","-5.178","-6.320","115.731","","","10894.348","-1.794","-0.669","3447.789","36.626","","36.821","0.000","0","","","0.000","0.000","","0.000","","","0.000","","314.480","-2.516","-0.011","0.431","14.591","0.155","40.531","","0.137","","0.000","0.000","0.000","0","0.000","","0.000","","0.000","0.000","0.000","0","0.000","","0.000"
"Hungary","1984","HUN","10584329","114105941195","","0.000","0.000","0.000","","","","0.000","","-2.690","-2.489","8506.866","90.039","","","-2.316","-1.860","7410.275","78.433","","27.897","","","","","2.715","8.537","30518.445","2.831","1.561","4.791","","","29458.266","311.796","","96.603","1.843","1.820","100.566","","","9501.358","4.385","2.940","6612.823","69.992","","31.158","","16.774","0.072","0.503","17.101","0.181","47.502","","0.156","50.190","3.664","10.964","372.910","3.947","1035.861","","3.397","","","52.285","3.592","10.461","355.809","3.766","988.358","","3.241","4.718","5.460","121.191","","","11450.041","1.553","0.569","3514.138","37.195","","37.548","0.000","0","","","0.000","0.000","","0.000","","","0.000","","323.017","16.774","0.072","0.503","17.101","0.181","47.502","","0.156","","0.000","0.000","0.000","0","0.000","","0.000","","0.000","0.000","0.000","0","0.000","","0.000"
"Hungary","1985","HUN","10547258","111300347132","","0.000","0.000","0.000","","","","0.000","","-1.782","-1.605","8384.598","88.435","","","-2.790","-2.188","7228.875","76.245","","26.560","","","26.794","8.343","3.208","10.364","31608.328","2.995","0.879","2.740","","","29821.568","314.536","","94.465","2.090","2.102","102.668","","","9734.047","7.763","5.434","7151.238","75.426","","30.834","","-14.365","-0.072","0.431","14.696","0.155","40.822","0.578","0.129","68.102","7.467","18.431","629.073","6.635","1747.426","24.763","5.535","","","72.066","7.539","18.000","614.378","6.48","1706.605","24.185","5.406","1.851","2.243","123.434","","","11702.924","-1.875","-0.697","3460.373","36.497","","37.071","0.000","0","","","0.000","0.000","","0.000","0","","0.000","2540.376","333.381","-14.365","-0.072","0.431","14.696","0.155","40.822","0.578","0.129","","0.000","0.000","0.000","0","0.000","0","0.000","","0.000","0.000","0.000","0","0.000","0","0.000"
"Hungary","1986","HUN","10511099","113513156802","","0.000","0.000","0.000","","","","0.000","","-1.170","-1.035","8314.968","87.399","","","-5.395","-4.113","6862.427","72.132","","26.377","","","28.044","8.822","-0.467","-1.557","31568.957","2.923","-1.346","-4.232","","","29521.492","310.303","","93.647","6.073","6.235","108.902","","","10360.690","-4.545","-3.428","6849.665","71.998","","32.866","","-0.645","-0.003","0.428","14.651","0.154","40.698","0.549","0.129","14.213","2.619","21.050","720.952","7.578","2002.645","27.022","6.353","","","14.568","2.622","20.622","706.301","7.424","1961.947","26.473","6.224","-7.641","-9.432","114.002","","","10845.833","0.000","0.000","3472.277","36.497","","34.405","0.000","0","","","0.000","0.000","","0.000","0","","0.000","2668.037","331.824","-0.645","-0.003","0.428","14.651","0.154","40.698","0.549","0.129","","0.000","0.000","0.000","0","0.000","0","0.000","","0.000","0.000","0.000","0","0.000","0","0.000"
"Hungary","1987","HUN","10475103","115264971685","","0.000","0.000","0.000","","","","0.000","","-0.053","-0.047","8339.101","87.353","","","-0.726","-0.524","6835.988","71.608","","25.249","","","29.749","9.122","4.469","14.829","33093.109","3.007","1.507","4.678","","","30069.494","314.981","","91.044","-0.722","-0.786","108.116","","","10321.259","-1.587","-1.143","6764.104","70.855","","31.250","","9.740","0.042","0.469","16.133","0.169","44.815","0.568","0.136","47.202","9.936","30.986","1064.906","11.155","2958.072","37.497","8.956","","","47.980","9.894","30.517","1048.772","10.986","2913.257","36.929","8.821","4.833","5.510","119.512","","","11409.135","-7.527","-2.747","3221.949","33.750","","34.544","0.000","0","","","0.000","0.000","","0.000","0","","0.000","2839.972","346.654","9.740","0.042","0.469","16.133","0.169","44.815","0.568","0.136","","0.000","0.000","0.000","0","0.000","0","0.000","","0.000","0.000","0.000","0","0.000","0","0.000"
"Hungary","1988","HUN","10440534","117029097500","","0.000","0.000","0.000","","","","0.000","","-5.645","-4.931","7894.405","82.422","","","-7.842","-5.616","6320.741","65.992","","24.398","","","29.233","9.321","-2.307","-7.997","32436.686","2.894","-4.754","-14.975","","","28734.752","300.006","","88.806","-1.090","-1.178","106.938","","","10242.604","-10.796","-7.649","6053.856","63.205","","31.655","","0.000","0.000","0.469","16.187","0.169","44.964","0.578","0.139","22.044","6.831","37.817","1303.956","13.614","3622.101","46.571","11.194","","","22.383","6.831","37.347","1287.769","13.445","3577.137","45.993","11.055","-7.418","-8.866","110.646","","","10597.744","9.613","3.245","3543.380","36.995","","32.753","0.000","0","","","0.000","0.000","","0.000","0","","0.000","2799.953","338.656","0.000","0.000","0.469","16.187","0.169","44.964","0.578","0.139","","0.000","0.000","0.000","0","0.000","0","0.000","","0.000","0.000","0.000","0","0.000","0","0.000"
"Hungary","1989","HUN","10403421","114408742705","","0.000","0.000","0.000","","","","0.000","","-10.428","-8.595","7096.439","73.827","","","-4.360","-2.877","6066.754","63.115","","22.437","","","29.596","9.733","-2.584","-8.751","31711.219","2.884","-3.328","-9.984","","","27877.564","290.022","","88.140","1.879","2.010","108.948","","","10472.325","-3.565","-2.253","5858.882","60.952","","33.110","","-6.509","-0.031","0.439","15.187","0.158","42.187","0.534","0.133","3.195","1.208","39.025","1350.421","14.049","3751.170","47.469","11.860","","","3.317","1.239","38.586","1335.234","13.891","3708.983","46.935","11.727","-3.072","-3.399","107.247","","","10308.801","-15.853","-5.865","2992.267","31.130","","32.593","0.000","0","","","0.000","0.000","","0.000","0","","0.000","2844.833","329.905","-6.509","-0.031","0.439","15.187","0.158","42.187","0.534","0.133","","0.000","0.000","0.000","0","0.000","0","0.000","","0.000","0.000","0.000","0","0.000","0","0.000"
"Hungary","1990","HUN","10381280","106788855164","","0.000","0.000","0.000","1.927","0.02","0.07","0.000","414.56","-3.004","-2.218","6897.916","71.609","823.598","8.55","-9.539","-6.021","5499.736","57.094","30.063","22.211","39.59","3813.595","28.44","9.555","-2.016","-6.650","31138.303","3.027","-2.175","-6.309","1397.708","14.51","27329.279","283.713","51.02","88.000","-4.855","-5.289","103.659","430.583","4.47","9985.174","-19.295","-11.761","4738.491","49.192","15.717","32.152","","12.658","0.056","0.494","17.339","0.18","47.628","0.633","0.153","-0.876","-0.336","38.689","1341.838","13.93","3726.827","48.98","12.000","11.150","28.164","-1.152","-0.444","38.142","1322.573","13.73","3674.081","48.277","11.830","1.117","1.198","108.445","143.528","1.49","10446.188","8.597","2.676","3256.441","33.806","5.239","33.637","0.053","0.02","0","","0.053","1.927","0.000","5.117","0.07","0","0.016","2739.547","323.255","23.418","0.109","0.548","19.265","0.2","52.746","0.703","0.170","","0.000","0.000","0.000","0","0.000","0","0.000","","0.000","0.000","0.000","0","0.000","0","0.000"
"Hungary","1991","HUN","10378174","95825225553","","0.000","0.000","0.000","1.927","0.02","0.067","0.000","416.89","-6.879","-4.926","6425.347","66.683","774.703","8.04","-3.366","-1.922","5316.185","55.172","26.836","22.151","37.31","3595.045","29.96","10.846","-6.606","-21.354","29090.016","3.151","-7.546","-21.410","1543.624","16.02","25274.508","262.303","53.471","87.131","-0.839","-0.869","102.789","484.671","5.03","9904.387","1.276","0.628","4800.395","49.819","16.789","34.144","","8.989","0.044","0.539","18.308","0.19","51.925","0.634","0.179","0.129","0.052","38.742","1343.203","13.94","3732.994","46.529","12.869","7.350","19.700","-0.036","-0.014","38.128","1322.969","13.73","3673.843","45.828","12.665","-14.398","-15.614","92.830","284.250","2.95","8944.774","-14.653","-4.954","2780.115","28.853","9.846","30.836","0.075","0.02","0","41.176","0.022","1.927","0.000","7.227","0.067","0","0.025","2886.828","301.901","11.795","0.066","0.614","20.235","0.21","59.152","0.701","0.204","","0.000","0.000","0.000","0","0.000","0","0.000","","0.000","0.000","0.000","0","0.000","0","0.000"
"Hungary","1992","HUN","10371477","94567780137","","0.000","0.000","0.000","4.821","0.05","0.158","0.000","442.87","-9.820","-6.548","5798.111","60.135","878.371","9.11","-9.060","-4.999","4837.660","50.174","28.756","20.823","35.15","3389.103","31.68","12.019","-4.057","-12.249","27927.746","3.063","-4.914","-12.888","1688.284","17.51","24048.152","249.415","55.271","86.367","-12.092","-12.429","90.360","404.957","4.2","8712.356","-0.322","-0.160","4788.048","49.659","13.258","31.290","","-18.557","-0.100","0.439","15.427","0.16","42.317","0.505","0.152","1.606","0.630","39.372","1366.247","14.17","3796.135","44.729","13.633","3.470","9.872","1.734","0.661","38.789","1345.999","13.96","3739.958","44.066","13.432","6.560","6.089","98.920","404.957","4.2","9537.687","-2.051","-0.592","2724.846","28.261","13.258","34.254","0.144","0.05","0","91.667","0.069","4.821","0.000","13.860","0.158","0","0.050","3054.531","289.652","-6.422","-0.031","0.583","20.248","0.21","56.177","0.663","0.202","","0.000","0.000","0.000","0","0.000","0","0.000","","0.000","0.000","0.000","0","0.000","0","0.000"
"Hungary","1993","HUN","10356869","95740692963","","0.000","0.000","0.000","3.862","0.04","0.122","0.000","453.97","-9.920","-5.965","5230.310","54.170","870.920","9.02","-13.851","-6.949","4173.484","43.224","27.408","19.487","35.38","3416.090","32.91","13.003","-3.732","-10.811","26923.320","2.912","-4.144","-10.335","1824.876","18.9","23084.158","239.080","57.429","86.005","7.612","6.878","97.238","393.941","4.08","9388.724","1.180","0.586","4851.388","50.245","12.397","34.980","","5.063","0.022","0.461","16.414","0.17","44.522","0.517","0.166","-1.179","-0.466","38.905","1352.725","14.01","3756.464","42.571","13.995","2.470","6.981","-1.203","-0.467","38.322","1332.449","13.8","3700.174","41.933","13.786","-11.371","-11.248","87.672","560.015","5.8","8465.125","-1.229","-0.347","2695.153","27.913","17.624","31.538","0.122","0.04","0","-15.217","-0.022","3.862","0.000","11.768","0.122","0","0.044","3177.601","278.841","0.490","0.000","0.583","20.276","0.21","56.290","0.638","0.210","","0.000","0.000","0.000","0","0.000","0","0.000","","0.000","0.000","0.000","0","0.000","0","0.000"
"Hungary","1994","HUN","10339936","100339331340","","0.000","0.000","0.000","4.836","0.05","0.149","0.000","445.41","-5.137","-2.783","4969.764","51.387","844.299","8.73","-4.653","-2.011","3985.798","41.213","26.044","18.176","35.55","3438.126","33.52","13.025","1.701","4.743","27426.154","2.826","1.682","4.021","1862.681","19.26","23510.854","243.101","57.458","85.988","0.986","0.958","98.196","467.121","4.83","9496.781","-3.388","-1.702","4694.698","48.543","14.409","34.733","","-3.012","-0.014","0.447","15.474","0.16","43.252","0.477","0.158","1.814","0.708","39.613","1379.119","14.26","3831.053","42.542","14.012","2.030","5.710","1.834","0.703","39.025","1358.809","14.05","3774.201","41.915","13.804","6.667","5.845","93.518","551.261","5.7","9044.308","10.389","2.900","2980.017","30.813","17.005","33.079","0.141","0.05","0","15.385","0.019","4.836","0.000","13.600","0.149","0","0.050","3241.800","283.585","0.488","0.005","0.588","20.310","0.21","56.852","0.626","0.208","","0.000","0.000","0.000","0","0.000","0","0.000","","0.000","0.000","0.000","0","0.000","0","0.000"
"Hungary","1995","HUN","10322792","104751822959","","0.000","0.000","0.000","5.812","0.06","0.176","0.000","450.03","-1.635","-0.840","4896.616","50.547","879.607","9.08","1.735","0.715","4061.670","41.928","26.69","17.678","36.43","3529.084","34.02","13.055","1.134","3.216","27783.232","2.738","1.333","3.240","1915.180","19.77","23863.775","246.341","58.113","86.154","8.664","8.508","106.704","504.708","5.21","10336.728","0.931","0.452","4746.255","48.995","15.315","37.318","","1.242","0.006","0.453","15.500","0.16","43.862","0.47","0.158","-0.070","-0.024","39.589","1380.440","14.25","3835.095","41.887","13.846","2.410","6.615","-0.164","-0.064","38.961","1359.128","14.03","3774.280","41.24","13.626","-4.734","-4.427","89.090","530.864","5.48","8630.432","-7.240","-2.231","2768.863","28.582","16.108","31.158","0.175","0.06","0","24.444","0.034","5.812","0.000","16.953","0.176","0","0.061","3295.620","286.801","6.311","0.040","0.628","21.312","0.22","60.815","0.647","0.220","","0.000","0.000","0.000","0","0.000","0","0.000","","0.000","0.000","0.000","0","0.000","0","0.000"
"Hungary","1996","HUN","10302238","106886865711","","0.000","0.000","0.000","4.853","0.05","0.142","0.000","451.7","-1.247","-0.630","4845.227","49.917","932.807","9.61","6.810","2.855","4346.908","44.783","27.387","17.132","37.29","3619.602","35.09","13.208","1.900","5.448","28367.492","2.734","1.989","4.900","2004.419","20.65","24387.031","251.241","58.849","86.230","11.581","12.358","119.062","618.312","6.37","11556.874","-4.956","-2.428","4520.044","46.567","18.153","40.864","","26.994","0.122","0.575","20.384","0.21","55.813","0.598","0.197","1.348","0.531","40.120","1401.637","14.44","3894.313","41.151","13.770","2.200","5.900","1.098","0.428","39.389","1376.400","14.18","3823.333","40.41","13.519","-7.664","-6.827","82.263","453.300","4.67","7984.930","-7.652","-2.187","2562.093","26.395","13.309","28.234","0.156","0.05","0","-10.714","-0.019","4.853","0.000","15.167","0.142","0","0.054","3406.056","292.249","17.352","0.103","0.731","25.237","0.26","70.980","0.741","0.251","","0.000","0.000","0.000","0","0.000","0","0.000","","0.000","0.000","0.000","0","0.000","0","0.000"
"Hungary","1997","HUN","10278600","112676520011","","0.000","0.000","0.000","4.864","0.05","0.141","0.000","459.04","-4.477","-2.235","4638.932","47.682","913.549","9.39","4.441","1.989","4550.381","46.772","26.525","16.770","37.55","3653.221","35.4","13.668","-2.413","-7.051","27746.697","2.531","-2.582","-6.486","2058.646","21.16","23812.086","244.755","59.774","86.084","-5.164","-6.148","112.914","558.442","5.74","10985.337","-6.697","-3.119","4227.041","43.448","16.215","39.714","","4.348","0.025","0.600","21.404","0.22","58.374","0.621","0.211","-1.385","-0.555","39.566","1385.403","14.24","3849.320","40.226","13.916","2.150","5.726","-1.495","-0.589","38.800","1359.135","13.97","3774.833","39.463","13.647","2.306","1.897","84.159","586.656","6.03","8187.817","16.416","4.333","2989.549","30.728","17.034","29.600","0.166","0.05","0","6.000","0.009","4.864","0.000","16.114","0.141","0","0.058","3444.049","285.197","4.669","0.034","0.766","26.268","0.27","74.487","0.763","0.269","","0.000","0.000","0.000","0","0.000","0","0.000","","0.000","0.000","0.000","0","0.000","0","0.000"
"Hungary","1998","HUN","10251717","119818720518","","0.000","0.000","0.000","5.853","0.06","0.161","0.000","462.63","-2.957","-1.410","4513.561","46.272","932.527","9.56","-8.599","-4.022","4170.011","42.750","25.699","16.033","37.94","3700.843","37.2","14.122","1.501","4.280","28236.934","2.416","1.835","4.492","2246.453","23.03","24312.678","249.247","61.909","86.360","0.695","0.784","113.698","714.027","7.32","11090.662","-11.723","-5.094","3741.276","38.354","19.677","39.395","","-28.241","-0.169","0.431","15.607","0.16","41.998","0.43","0.149","-0.513","-0.200","39.365","1382.208","14.17","3839.872","38.091","13.640","0.740","1.950","-0.136","-0.053","38.747","1360.748","13.95","3779.584","37.5","13.425","6.081","5.117","89.277","599.900","6.15","8708.454","-18.939","-5.820","2429.726","24.909","16.532","30.933","0.188","0.06","0","13.208","0.022","5.853","0.000","18.290","0.161","0","0.065","3628.660","289.477","-20.074","-0.148","0.618","21.460","0.22","60.288","0.591","0.214","","0.000","0.000","0.000","0","0.000","0","0.000","","0.000","0.000","0.000","0","0.000","0","0.000"
"Hungary","1999","HUN","10219797","126176462095","","0.000","0.000","0.000","5.871","0.06","0.159","0.000","466.3","4.104","1.899","4713.466","48.171","996.106","10.18","-7.563","-3.233","3866.670","39.517","26.91","16.699","38.89","3805.359","37.83","14.387","-0.048","-0.139","28311.498","2.293","-0.260","-0.649","2298.480","23.49","24325.086","248.597","62.094","86.181","1.317","1.498","115.196","765.182","7.82","11271.832","-11.543","-4.427","3319.768","33.927","20.671","39.935","","16.774","0.072","0.503","17.613","0.18","49.196","0.476","0.174","1.257","0.496","39.861","1403.159","14.34","3900.416","37.906","13.819","1.060","2.726","1.054","0.408","39.156","1379.675","14.1","3831.344","37.272","13.574","-4.532","-4.046","85.231","537.193","5.49","8339.787","-5.955","-1.483","2292.179","23.426","14.512","29.547","0.203","0.06","0","8.333","0.016","5.871","0.000","19.876","0.159","0","0.070","3701.639","289.338","14.419","0.088","0.706","23.484","0.24","69.072","0.634","0.245","","0.000","0.000","0.000","0","0.000","0","0.000","","0.000","0.000","0.000","0","0.000","0","0.000"
"Hungary","2000","HUN","10190598","134151505450","","0.000","0.000","0.000","5.888","0.06","0.171","0.000","450.98","-6.597","-3.178","4415.154","44.993","941.064","9.59","-2.415","-0.954","3784.097","38.562","27.252","16.074","38.63","3790.749","35.19","13.841","-2.950","-8.535","27555.037","2.093","-3.526","-8.765","2038.153","20.77","23534.684","239.833","59.022","85.679","-2.507","-2.888","112.308","647.656","6.6","11020.753","-5.599","-1.900","3142.879","32.028","18.755","40.122","15.87","-1.657","-0.008","0.494","17.663","0.18","48.520","0.512","0.177","0.565","0.225","40.086","1415.030","14.42","3933.671","40.978","14.321","3.440","8.905","0.596","0.233","39.389","1391.479","14.18","3865.219","40.296","14.072","-3.167","-2.700","82.531","449.434","4.58","8098.777","6.607","1.548","2450.624","24.973","13.015","29.484","0.203","0.06","0","0.000","0.000","5.888","0.000","19.933","0.171","0","0.073","3453.183","280.802","-1.220","-0.008","0.698","23.551","0.24","68.452","0.682","0.249","","0.000","0.000","0.000","0","0.000","0","0.000","","0.000","0.000","","","0.000","","0.000"
"Hungary","2001","HUN","10166693","142043461403","","0.000","0.000","0.000","6.885","0.07","0.192","0.000","439.04","-4.986","-2.243","4204.864","42.750","869.506","8.84","-8.885","-3.426","3455.996","35.136","24.272","14.905","39.59","3894.088","36.42","13.931","2.437","6.842","28292.807","2.025","3.009","7.217","2166.880","22.03","24299.842","247.049","60.489","86.138","10.913","12.257","124.565","871.473","8.86","12252.236","0.009","0.003","3150.550","32.031","24.327","43.432","15.99","4.494","0.019","0.514","18.688","0.19","50.539","0.522","0.179","-0.277","-0.329","39.757","1415.406","14.39","3910.556","39.511","13.862","3.170","8.007","-0.381","-0.367","39.022","1389.833","14.13","3838.230","38.797","13.606","-3.389","-2.797","79.735","425.901","4.33","7842.741","-1.708","-0.426","2414.438","24.547","11.889","27.801","0.219","0.07","0","7.692","0.016","6.885","0.000","21.516","0.192","0","0.076","3582.286","287.644","5.761","0.038","0.735","25.574","0.26","72.327","0.714","0.256","","0.000","0.000","0.000","0","0.000","0","0.000","","0.003","0.003","0.000","0","0.272","0","0.001"
"Hungary","2002","HUN","10138461","151456660939","","0.000","0.000","0.000","3.945","0.04","0.111","0.000","432.37","-3.515","-1.503","4068.357","41.247","885.736","8.98","-2.036","-0.715","3395.065","34.421","24.841","14.730","40.41","3985.812","36.15","14.159","-2.340","-6.732","27707.572","1.855","-2.397","-5.921","2166.996","21.97","23783.486","241.128","60.775","86.111","0.933","1.162","125.727","1059.332","10.74","12400.962","-4.873","-1.561","3005.360","30.470","29.71","44.899","15.63","4.301","0.018","0.532","18.741","0.19","52.425","0.526","0.190","-1.342","-0.865","38.893","1398.634","14.18","3836.173","39.225","13.889","4.260","10.542","-1.225","-0.795","38.227","1375.948","13.95","3770.533","38.589","13.652","-6.999","-5.580","74.154","221.927","2.25","7314.167","-20.845","-5.117","1916.460","19.430","6.224","26.482","0.131","0.04","0","-40.000","-0.088","3.945","0.000","12.946","0.111","0","0.047","3565.630","280.912","-7.782","-0.070","0.665","22.686","0.23","65.641","0.636","0.238","","0.000","0.000","0.000","0","0.000","0","0.000","0.000","-0.000","0.003","0.000","0","0.270","0","0.001"
"Hungary","2003","HUN","10108970","160456137012","","0.000","0.000","0.000","15.828","0.16","0.469","0.000","468.8","2.336","0.964","4175.547","42.210","907.115","9.17","3.267","1.124","3516.198","35.545","26.868","14.878","41.07","4062.729","34.13","12.925","1.237","3.475","28132.156","1.772","4.806","11.589","2254.434","22.79","24999.289","252.717","66.774","89.077","9.949","12.508","138.235","1175.194","11.88","13674.462","-2.981","-0.908","2924.282","29.561","34.808","48.725","16","-11.856","-0.066","0.466","16.817","0.17","46.092","0.498","0.164","-20.021","-7.905","30.988","1121.776","11.34","3065.410","33.226","10.923","6.940","16.898","-21.071","-8.219","30.008","1089.132","11.01","2968.470","32.259","10.577","-2.539","-1.883","72.272","172.124","1.74","7149.279","1.795","0.349","1956.549","19.779","5.098","25.474","0.503","0.16","0","283.333","0.372","15.828","0.000","49.770","0.469","0","0.177","3376.209","284.387","41.772","0.314","0.980","32.644","0.33","96.940","0.967","0.345","","0.000","0.000","0.000","0","0.000","0","0.000","300.000","0.008","0.011","0.000","0","1.078","0","0.004"
"Hungary","2004","HUN","10085788","171925388770","","0.000","0.000","0.000","72.379","0.73","2.166","0.000","431.33","-5.180","-2.187","3968.338","40.024","811.042","8.18","-23.848","-8.477","2683.806","27.068","24.266","13.888","41.18","4082.973","33.71","12.677","1.596","4.540","28646.920","1.681","0.134","0.340","2068.257","20.86","25090.432","253.057","61.881","87.811","-1.462","-2.021","136.213","1162.031","11.72","13505.473","3.492","1.032","3033.366","30.594","34.767","47.266","14.54","19.883","0.090","0.556","19.830","0.2","55.083","0.593","0.193","13.235","4.139","35.127","1274.070","12.85","3482.863","38.119","12.189","7.470","18.140","8.190","2.282","32.290","1180.870","11.91","3201.532","35.331","11.205","6.293","4.548","76.820","95.183","0.96","7616.620","9.314","1.842","2143.708","21.621","2.848","26.656","2.266","0.73","0","350.311","1.763","72.379","0.000","224.635","2.166","0","0.786","3342.327","288.927","178.571","1.857","2.837","93.200","0.94","281.331","2.788","0.985","","0.000","0.000","0.000","0","0.000","0","0.000","50.000","0.005","0.016","0.991","0.01","1.612","0.03","0.006"
"Hungary","2005","HUN","10065703","183107031890","","0.030","2.958","0.030","164.916","1.66","4.643","0.010","382.66","-11.069","-4.430","3536.127","35.594","697.418","7.02","-24.890","-6.737","2019.823","20.331","19.636","11.590","41.98","4170.598","35.75","12.774","6.628","19.151","30606.633","1.682","4.378","11.079","1991.912","20.05","26241.168","264.136","56.084","86.008","3.259","4.439","140.653","1229.919","12.38","13973.441","-1.472","-0.450","2994.693","30.144","34.629","45.800","13.68","-1.463","-0.013","0.543","19.869","0.2","53.947","0.559","0.177","22.432","7.842","42.969","1559.752","15.7","4268.861","43.916","13.992","6.230","14.840","16.106","4.898","37.188","1373.973","13.83","3694.543","38.685","12.109","14.410","11.070","87.890","64.576","0.65","8731.600","-12.453","-2.692","1880.497","18.929","1.818","28.619","5.181","1.66","0","128.690","2.916","164.916","0.000","514.743","4.643","0","1.687","3551.665","308.077","102.967","2.943","5.781","185.779","1.87","574.318","5.231","1.882","","0.000","0.000","0.000","0","0.000","0","0.000","66.667","0.011","0.027","0.993","0.01","2.671","0.028","0.009"
"Hungary","2006","HUN","10049946","194033322767","325.079","0.097","12.593","0.127","125.374","1.26","3.515","0.042","389.96","0.380","0.135","3555.137","35.729","696.521","7","0.484","0.098","2032.772","20.429","19.526","11.863","43.06","4284.600","35.85","13.009","-1.953","-6.017","30055.938","1.557","-1.379","-3.643","2079.613","20.9","25919.844","260.493","58.298","86.493","-5.269","-7.410","133.242","1309.460","13.16","13258.005","2.213","0.667","3065.755","30.811","36.709","44.241","13.98","-7.921","-0.046","0.497","18.906","0.19","49.485","0.53","0.165","-4.152","-2.288","40.681","1487.570","14.95","4047.866","41.702","13.507","7.210","16.744","-2.696","-1.196","35.992","1339.311","13.46","3581.311","37.545","11.951","4.133","3.632","91.522","73.632","0.74","9106.701","-4.746","-0.898","1794.057","18.030","2.064","30.388","3.950","1.26","0","-23.764","-1.231","125.374","0.000","393.037","3.515","0","1.312","3567.183","302.061","-14.750","-1.092","4.689","148.260","1.49","466.555","4.156","1.557","","0.000","0.000","0.000","0","0.000","0","0.000","330.000","0.088","0.115","3.980","0.04","11.440","0.112","0.038"
"Hungary","2007","HUN","10034084","198872162765","163.295","0.207","33.209","0.333","155.470","1.56","3.904","0.112","385.89","1.695","0.606","3621.110","36.335","734.497","7.37","0.923","0.189","2054.777","20.618","18.443","12.228","43.95","4380.071","39.96","14.859","-1.316","-3.975","29707.297","1.499","-3.247","-8.459","2332.052","23.4","25117.771","252.034","58.559","84.821","-6.563","-8.745","124.497","1517.827","15.23","12407.433","-15.861","-4.887","2583.587","25.924","38.113","41.899","15.42","12.903","0.061","0.559","20.929","0.21","55.661","0.526","0.188","12.020","4.422","45.103","1650.375","16.56","4495.003","41.441","15.179","3.990","9.078","9.034","3.043","39.035","1463.014","14.68","3890.198","36.737","13.137","-0.349","-0.320","91.202","79.728","0.8","9089.229","-14.283","-2.575","1540.247","15.455","2.002","30.694","4.884","1.56","0","23.655","0.934","155.470","0.000","486.778","3.904","0","1.644","3982.426","298.086","36.841","1.380","6.069","187.361","1.88","604.805","4.705","2.042","","0.000","0.000","0.000","0","0.000","0","0.000","155.814","0.178","0.293","10.963","0.11","29.156","0.275","0.098"
"Hungary","2008","HUN","10016653","204720371926","470.227","1.567","189.695","1.900","193.677","1.94","4.848","0.649","376.06","-2.864","-1.041","3523.524","35.294","706.823","7.08","-4.470","-0.922","1966.342","19.696","17.691","12.052","43.92","4384.698","40.02","15.174","-1.405","-4.189","29340.787","1.436","-2.920","-7.358","2281.201","22.85","24426.865","244.675","57.096","83.554","-1.345","-1.675","122.822","1515.476","15.18","12261.830","0.120","0.031","2591.195","25.955","37.931","41.943","15.05","1.429","0.003","0.562","20.965","0.21","56.107","0.525","0.192","12.916","3.056","48.160","1714.145","17.17","4807.946","42.904","16.446","3.900","8.880","0.961","0.063","39.098","1479.536","14.82","3903.262","37.031","13.351","-5.091","-4.643","86.559","58.902","0.59","8641.512","2.892","0.447","1587.542","15.902","1.474","29.559","6.056","1.94","0","23.992","1.172","193.677","0.000","604.618","4.848","0","2.068","3995.347","293.896","92.089","2.993","9.062","234.609","2.35","904.684","5.872","3.095","","0.003","0.003","0.000","0","0.263","0","0.001","86.364","0.248","0.541","19.967","0.2","54.000","0.5","0.185"
"Hungary","2009","HUN","10001381","195180908684","2.704","0.051","195.123","1.951","232.968","2.33","6.488","0.719","343.92","-15.800","-5.577","2971.322","29.717","633.912","6.34","-8.120","-1.599","1809.431","18.097","17.655","10.942","41.42","4141.428","35.91","14.922","-7.216","-21.208","27265.072","1.397","-9.930","-24.296","1758.757","17.59","22034.898","220.379","48.984","81.145","-13.341","-16.386","106.436","1041.856","10.42","10642.169","13.955","3.622","2957.305","29.577","29.017","39.191","12.35","7.042","0.036","0.598","22.997","0.23","59.834","0.64","0.220","6.277","3.047","51.206","1831.747","18.32","5119.930","51.016","18.855","5.510","13.303","4.103","1.391","40.488","1542.787","15.43","4048.260","42.969","14.908","-2.696","-2.333","84.226","82.989","0.83","8421.407","-1.292","-0.205","1569.430","15.696","2.311","31.013","7.297","2.33","0","20.485","1.241","232.968","0.000","729.587","6.488","0","2.687","3590.504","272.688","13.845","1.656","10.718","288.960","2.89","1071.671","8.048","3.947","0.000","-0.000","0.003","0.000","0","0.262","0","0.001","61.463","0.328","0.869","32.995","0.33","86.865","0.919","0.320"
"Hungary","2010","HUN","9979128","200496589291","3.470","0.068","202.344","2.019","230.481","2.3","6.156","0.730","341.01","5.355","1.591","3137.421","31.309","624.303","6.23","2.392","0.433","1856.852","18.530","16.676","11.318","42.56","4264.902","37.36","15.230","1.884","5.139","27840.814","1.386","1.874","4.130","1861.886","18.58","22497.922","224.510","49.732","81.163","7.251","7.718","114.154","1162.426","11.6","11439.293","-2.275","-0.673","2896.483","28.904","31.049","41.268","12.74","-17.544","-0.109","0.490","19.040","0.19","49.061","0.509","0.177","2.569","0.900","52.106","1881.928","18.78","5221.518","50.268","18.837","5.200","12.218","2.172","0.556","41.044","1579.296","15.76","4113.012","42.184","14.838","-6.149","-5.179","79.047","75.157","0.75","7921.207","-11.182","-1.755","1397.046","13.941","2.007","28.576","7.178","2.3","0","-1.627","-0.119","230.481","0.000","719.314","6.156","0","2.595","3743.814","277.827","3.832","0.344","11.062","302.632","3.02","1108.507","8.084","3.999","0.000","-0.000","0.003","0.000","0","0.261","0","0.001","59.215","0.504","1.372","53.111","0.53","137.527","1.419","0.496"
"Hungary","2011","HUN","9946675","208407605976","-8.741","-0.176","185.260","1.843","186.997","1.86","5.164","0.687","341.2","0.763","0.239","3171.661","31.547","651.474","6.48","3.275","0.607","1923.913","19.137","17.99","11.758","42.66","4288.871","36.02","15.130","-3.010","-8.363","27090.857","1.293","-2.978","-6.686","1771.446","17.62","21899.131","217.824","48.917","81.184","-4.397","-5.019","109.135","1079.758","10.74","10972.036","-5.352","-1.547","2750.399","27.357","29.817","40.675","12.29","18.085","0.086","0.575","22.118","0.22","57.821","0.611","0.214","-2.681","-1.620","50.486","1849.864","18.4","5075.702","51.083","18.816","6.640","15.565","-0.482","-0.409","40.635","1577.411","15.69","4085.263","43.559","15.145","-2.411","-1.906","77.141","40.214","0.4","7755.435","-10.748","-1.498","1250.965","12.443","1.11","28.751","5.809","1.86","0","-19.068","-1.369","186.997","0.000","584.052","5.164","0","2.165","3621.311","269.464","-9.568","-1.210","9.852","272.453","2.71","990.439","7.524","3.672","0.000","-0.000","0.003","0.000","0","0.260","0","0.001","18.786","0.249","1.622","63.338","0.63","163.046","1.749","0.604"
"Hungary","2012","HUN","9916621","205802052322","-2.982","-0.055","180.280","1.788","166.387","1.65","4.766","0.715","332.76","-3.785","-1.194","3060.869","30.353","639.331","6.34","-2.369","-0.453","1884.031","18.683","18.313","12.142","42.59","4294.810","34.62","15.737","-6.809","-18.348","25322.736","1.220","-8.288","-18.053","1632.613","16.19","20145.049","199.771","46.765","79.911","-10.753","-11.736","97.400","947.904","9.4","9821.865","-16.414","-4.490","2305.918","22.867","27.152","38.961","11.52","-4.054","-0.026","0.549","21.177","0.21","55.358","0.607","0.220","-0.038","-0.266","50.220","1858.496","18.43","5064.271","53.235","20.089","7.970","18.713","0.688","0.069","40.704","1592.276","15.79","4104.588","45.609","16.282","-6.641","-5.123","72.018","45.378","0.45","7262.314","-0.132","-0.016","1253.096","12.426","1.3","28.808","5.172","1.65","0","-10.974","-0.637","166.387","0.000","521.536","4.766","0","2.069","3491.108","251.116","-2.544","-0.335","9.517","266.220","2.64","959.683","7.626","3.807","700.000","0.018","0.021","1.008","0.01","2.079","0.029","0.008","23.192","0.366","1.988","77.647","0.77","200.429","2.224","0.795"
"Hungary","2013","HUN","9889344","209511661762","-11.759","-0.210","159.520","1.578","185.048","1.83","6.046","0.666","317.48","-12.442","-3.777","2687.432","26.577","637.049","6.3","0.327","0.061","1895.404","18.744","20.813","11.220","42.15","4262.164","30.27","14.585","-5.207","-13.075","24070.496","1.136","-5.985","-11.956","1225.562","12.12","18991.592","187.814","40.04","79.290","-6.774","-6.598","90.801","560.199","5.54","9181.740","-12.653","-2.893","2019.697","19.973","18.302","38.334","9.61","0.000","-0.004","0.545","21.235","0.21","55.085","0.694","0.230","-2.437","-1.165","49.056","1835.309","18.15","4960.467","59.96","20.710","11.880","28.185","-2.681","-1.395","39.308","1554.198","15.37","3974.829","50.776","16.595","-2.196","-1.582","70.436","28.313","0.28","7122.419","-1.377","-0.171","1239.250","12.255","0.925","29.736","5.725","1.83","0","10.695","0.553","185.048","0.000","578.906","6.046","0","2.417","3060.870","238.041","-1.567","0.231","9.747","281.111","2.78","985.639","9.184","4.115","212.500","0.043","0.064","2.022","0.02","6.465","0.066","0.027","-6.908","-0.152","1.836","72.806","0.72","185.662","2.379","0.775"
"Hungary","2014","HUN","9862843","218378634753","37.995","0.599","220.721","2.177","215.962","2.13","7.247","0.918","300.1","-1.151","-0.306","2663.641","26.271","607.330","5.99","-1.474","-0.276","1872.474","18.468","20.381","11.080","42.78","4337.492","29.39","14.209","0.096","0.227","24158.225","1.091","-1.047","-1.966","1072.713","10.58","18843.334","185.849","35.999","78.386","-10.578","-9.605","81.196","429.896","4.24","8232.526","-6.932","-1.384","1884.749","18.589","14.427","34.246","8.82","41.315","0.221","0.766","30.417","0.3","77.655","1.021","0.323","6.289","2.190","51.246","1907.158","18.81","5195.869","64.001","21.614","13.390","31.300","1.815","0.510","39.818","1586.764","15.65","4037.211","53.249","16.794","11.281","7.946","78.382","35.487","0.35","7947.167","-10.416","-1.276","1113.158","10.979","1.191","33.059","6.644","2.13","0","16.048","0.919","215.962","0.000","673.614","7.247","0","2.802","2979.871","238.269","22.037","1.680","11.428","320.394","3.16","1158.658","10.752","4.820","168.000","0.107","0.170","7.097","0.07","17.285","0.238","0.072","-8.548","-0.165","1.671","66.918","0.66","169.382","2.246","0.705"
"Hungary","2015","HUN","9839211","226474616785","-7.215","-0.157","205.289","2.020","219.530","2.16","7.122","0.808","299.04","3.635","0.955","2767.101","27.226","588.462","5.79","-4.387","-0.810","1794.620","17.658","19.09","10.895","44.02","4473.936","30.33","13.824","5.360","12.771","25514.207","1.108","6.714","12.478","1146.433","11.28","20156.762","198.327","37.191","79.365","7.279","5.911","87.107","519.351","5.11","8853.014","-4.751","-0.883","1799.525","17.706","16.848","34.858","9.07","-22.259","-0.173","0.592","23.376","0.23","60.209","0.758","0.237","0.511","0.318","51.564","1936.131","19.05","5240.652","62.809","20.635","13.690","31.099","1.187","0.269","40.087","1608.869","15.83","4074.217","52.193","16.042","7.160","5.612","83.994","38.621","0.38","8536.648","3.072","0.337","1150.112","11.316","1.253","33.612","6.753","2.16","0","1.646","0.109","219.530","0.000","686.348","7.122","0","2.702","3082.564","251.040","-1.475","0.049","11.477","327.262","3.22","1166.435","10.617","4.593","110.448","0.186","0.357","14.229","0.14","36.280","0.462","0.143","5.553","0.084","1.754","70.128","0.69","178.310","2.275","0.702"
"Hungary","2016","HUN","9810529","231459349147","6.844","0.138","219.980","2.158","210.998","2.07","6.493","0.849","300.19","-6.316","-1.720","2599.912","25.507","573.873","5.63","-3.675","-0.649","1733.713","17.009","17.66","10.032","44.59","4545.117","31.88","14.247","1.775","4.455","26042.918","1.104","2.007","3.981","1282.296","12.58","20621.465","202.307","39.46","79.568","7.181","6.256","93.362","660.515","6.48","9516.533","3.894","0.689","1875.062","18.395","20.326","36.720","9.57","10.684","0.058","0.651","26.502","0.26","66.332","0.816","0.256","1.834","0.385","51.949","1967.274","19.3","5295.217","60.54","20.432","12.710","28.504","1.386","0.249","40.336","1635.997","16.05","4111.549","50.345","15.864","-0.661","-0.555","83.439","47.908","0.47","8505.021","11.144","1.261","1282.012","12.577","1.474","32.817","6.472","2.07","0","-4.165","-0.281","210.998","0.000","659.687","6.493","0","2.545","3249.570","255.495","3.186","0.136","11.612","331.277","3.25","1183.668","10.194","4.567","73.050","0.256","0.613","24.464","0.24","62.491","0.753","0.241","-1.299","-0.036","1.719","69.313","0.68","175.178","2.133","0.676"
"Hungary","2017","HUN","9785608","241347220007","-12.169","-0.263","193.703","1.896","219.710","2.15","6.531","0.707","290.71","2.501","0.638","2671.710","26.144","503.801","4.93","-12.261","-2.086","1525.009","14.923","14.976","9.753","45.8","4680.343","32.92","13.869","5.401","13.799","27519.338","1.116","6.711","13.577","1363.226","13.34","22061.459","215.885","40.522","80.533","6.404","5.979","99.341","804.242","7.87","10151.785","","","","","23.906","37.058","9.57","-15.058","-0.101","0.550","22.482","0.22","56.205","0.668","0.205","0.014","0.236","52.185","2000.898","19.58","5332.843","59.478","19.467","12.880","28.122","0.272","-0.092","40.244","1645.273","16.1","4112.569","48.906","15.012","8.342","6.960","90.399","55.183","0.54","9237.964","","","","","1.64","33.722","6.728","2.15","0","3.959","0.256","219.710","0.000","687.553","6.531","0","2.510","3364.124","269.293","-0.750","0.329","11.941","355.624","3.48","1220.274","10.571","4.454","43.033","0.259","0.873","35.767","0.35","89.162","1.063","0.325","10.819","0.176","1.895","77.665","0.76","193.652","2.309","0.707"
"Hungary","2018","HUN","9774395","254289117363","17.632","0.334","228.119","2.230","235.309","2.3","7.176","0.826","284.56","-5.530","-1.446","2526.854","24.698","477.779","4.67","-11.072","-1.652","1357.714","13.271","14.571","9.147","46.4","4747.097","32.05","13.380","0.709","1.909","27746.227","1.067","0.893","1.927","1283.967","12.55","22283.959","217.812","39.158","80.666","-3.138","-3.117","96.224","744.803","7.28","9844.514","","","","","22.715","35.636","9.12","0.909","0.002","0.552","22.508","0.22","56.499","0.686","0.205","1.190","0.021","52.206","1995.008","19.5","5341.088","60.842","19.334","14.350","30.927","-2.265","-1.107","39.137","1609.307","15.73","4004.014","49.08","14.494","7.180","6.490","96.890","61.385","0.6","9912.592","","","","","1.872","35.883","7.213","2.31","0.01","7.199","0.484","236.332","1.023","737.897","7.207","0.031","2.671","3278.975","271.203","11.538","1.128","13.069","385.702","3.77","1337.074","11.763","4.840","80.229","0.692","1.565","64.454","0.63","160.079","1.966","0.579","-19.921","-0.385","1.510","62.408","0.61","154.480","1.903","0.559"
"Hungary","2019","HUN","9770346","266658311342","4.704","0.105","238.949","2.335","228.242","2.23","6.505","0.854","266.04","-13.408","-3.311","2188.969","21.387","412.473","4.03","-12.935","-1.717","1182.590","11.554","11.756","7.820","46.86","4796.146","34.28","14.219","1.361","3.690","28135.389","1.031","-0.025","-0.054","1360.238","13.29","22287.684","217.758","38.769","79.626","2.303","2.216","98.440","890.450","8.7","10075.386","","","","","25.379","35.996","9.12","-1.351","-0.010","0.542","22.517","0.22","55.482","0.642","0.198","7.289","3.513","55.719","2148.337","20.99","5702.873","61.231","20.374","12.580","26.846","3.528","1.180","40.317","1667.290","16.29","4126.449","47.52","14.742","1.075","1.042","97.931","57.316","0.56","10023.329","","","","","1.634","35.810","7.016","2.25","0.02","-2.730","-0.197","230.289","2.047","718.053","6.564","0.058","2.565","3508.576","274.892","17.160","2.333","15.402","481.047","4.7","1576.425","13.711","5.632","137.997","2.141","3.705","153.526","1.5","379.254","4.376","1.355","20.099","0.295","1.804","74.716","0.73","184.687","2.13","0.660"
"Hungary","2020","HUN","9749459","254563881936","38.062","0.889","330.605","3.223","220.525","2.15","6.157","1.199","257.45","-8.379","-1.792","2009.854","19.595","380.534","3.71","-6.127","-0.708","1112.509","10.846","10.624","7.289","46.6","4779.752","34.92","14.815","-1.661","-4.565","27727.416","1.062","-3.148","-6.854","1368.281","13.34","21632.383","210.904","38.202","78.448","3.545","3.490","101.930","932.359","9.09","10454.910","","","","","26.031","37.914","8.99","11.416","0.060","0.602","24.617","0.24","61.795","0.687","0.224","6.411","2.222","57.941","2213.456","21.58","5942.989","61.798","21.552","11.680","25.064","-1.430","-0.675","39.642","1647.271","16.06","4066.069","45.991","14.745","-8.733","-8.552","89.379","55.388","0.54","9167.619","","","","","1.546","33.246","6.784","2.17","0.02","-3.296","-0.231","222.576","2.051","695.872","6.214","0.057","2.524","3581.737","270.327","24.594","2.897","18.299","566.185","5.52","1876.920","15.808","6.807","64.262","2.366","6.072","252.322","2.46","622.763","7.045","2.258","-10.151","-0.187","1.617","66.670","0.65","165.884","1.861","0.602"
"Hungary","2021","HUN","9707848","272892486007","2.111","0.068","339.033","3.291","229.711","2.23","6.177","1.166","238.5","-18.662","-3.657","1641.781","15.938","310.058","3.01","-17.107","-1.855","926.145","8.991","8.338","5.645","48.85","5032.011","36.1","14.596","5.042","13.631","29250.391","1.041","4.853","10.236","1359.725","13.2","22779.494","221.140","36.565","78.326","6.057","6.174","108.104","994.041","9.65","11135.733","","","","","26.731","38.290","8.61","-13.115","-0.080","0.522","21.632","0.21","53.788","0.582","0.185","5.599","3.251","61.192","2358.916","22.9","6303.382","63.435","21.674","12.750","26.100","-0.405","-0.258","39.384","1647.121","15.99","4056.948","44.294","13.950","8.636","7.718","97.098","55.625","0.54","10001.980","","","","","1.496","34.391","7.009","2.24","0.01","3.316","0.225","230.741","1.030","722.032","6.205","0.028","2.483","3718.641","283.958","16.614","3.509","21.808","711.795","6.91","2246.434","19.141","7.724","54.372","3.278","9.350","391.436","3.8","963.113","10.526","3.312","1.374","0.018","1.635","67.986","0.66","168.469","1.828","0.579"
"Hungary","2022","HUN","9684308","285385229433","6.752","0.222","362.803","3.513","220.976","2.14","5.981","1.324","228.9","-9.015","-1.437","1497.410","14.501","308.747","2.99","0.756","0.068","935.414","9.059","8.357","5.465","47.93","4949.244","35.78","15.575","-5.956","-16.911","27575.229","0.936","-8.316","-18.391","1271.129","12.31","20935.807","202.749","34.405","76.403","-14.980","-16.194","91.910","915.915","8.87","9490.585","","","","","24.79","34.635","8.19","-16.038","-0.085","0.437","18.587","0.18","45.160","0.503","0.165","3.020","1.428","62.620","2423.508","23.47","6466.133","65.595","23.597","12.150","25.349","-1.113","-0.534","38.850","1632.538","15.81","4011.657","44.187","14.640","-0.783","-0.760","96.338","46.467","0.45","9947.811","","","","","1.258","36.303","6.694","2.14","0","-4.503","-0.316","220.976","0.000","691.195","5.981","0","2.522","3694.637","267.047","9.496","1.962","23.770","790.970","7.66","2454.476","21.409","8.957","24.658","2.277","11.627","488.419","4.73","1200.554","13.22","4.381","-8.133","-0.137","1.499","62.988","0.61","154.763","1.705","0.565"
"Hungary","2023","HUN","9686465","","2.743","0.096","372.673","3.610","161.049","1.56","4.392","1.426","196.23","-27.551","-3.995","1084.614","10.506","257.060","2.49","-14.769","-1.338","797.087","7.721","7.01","4.151","46.62","4812.901","35.52","16.472","-4.394","-11.733","26357.766","","-7.892","-16.000","1057.145","10.24","19279.348","186.749","28.829","73.776","-10.621","-9.762","82.148","751.564","7.28","8480.725","","","","","20.495","32.453","6.97","24.719","0.104","0.541","22.712","0.22","55.899","0.619","0.214","7.090","3.759","66.379","2609.827","25.28","6852.768","71.171","26.224","11.100","23.810","0.670","-0.026","38.824","1643.530","15.92","4008.107","44.82","15.338","-2.329","-2.243","94.094","48.521","0.47","9714.008","","","","","1.323","37.173","4.938","1.58","0.02","-26.237","-1.756","163.114","2.065","509.732","4.448","0.056","1.951","3666.972","255.314","16.173","3.785","27.555","966.297","9.36","2844.661","26.351","10.886","46.344","5.264","16.890","715.431","6.93","1743.696","19.51","6.673","5.902","0.077","1.576","65.039","0.63","162.661","1.774","0.622"
"Hungary","2024","HUN","9676135","","-7.631","-0.275","344.603","3.334","189.125","1.83","4.818","1.290","184.57","-16.319","-1.715","908.580","8.792","252.167","2.44","-4.478","-0.346","762.209","7.375","6.424","3.401","48.71","5034.035","37.98","17.432","2.146","5.478","26952.049","","-0.087","-0.163","1035.537","10.02","19283.053","186.585","26.382","72.181","0.270","0.221","82.370","736.865","7.13","8512.668","","","","","18.773","31.865","7.01","4.172","0.023","0.564","23.770","0.23","58.293","0.606","0.218","7.123","5.531","71.910","2889.583","27.96","7431.655","73.618","27.819","10.730","22.028","0.621","0.241","39.065","1655.620","16.02","4037.296","42.18","15.113","1.413","1.330","95.424","46.506","0.45","9861.806","","","","","1.185","36.915","5.453","1.84","0.01","10.450","0.516","190.159","1.033","563.599","4.845","0.026","2.110","3925.121","260.792","15.095","5.290","32.844","1233.964","11.94","3394.358","31.438","12.706","29.588","4.997","21.888","950.793","9.2","2262.031","24.223","8.467","1.841","0.029","1.605","69.243","0.67","165.832","1.764","0.621"
"Hungary","2025","HUN","9632286","","","","","","248.124","2.39","5.906","","162.34","","","","","143.268","1.38","","","","","3.41","","49.13","5100.555","40.47","","","","","","","","1030.908","9.93","","","24.537","","","","","846.113","8.15","","","","","","20.138","","","","","","23.878","0.23","","0.568","","","","","3170.587","30.54","","75.463","","8.660","17.627","","","","1671.462","16.1","","39.783","","","","","41.527","0.4","","","","","","0.988","","","2.4","0.01","","","249.162","1.038","","5.93","0.025","","4201.495","","","","","1499.125","14.44","","35.681","","","","","1165.871","11.23","","27.749","","","","","60.214","0.58","","1.433",""